Address,Word
0000,ff
0000,ff
0001,ff
0002,ff
0003,ff
0004,aa
0005,ff
0006,ff
0007,ff
0008,ff
0009,ff
000a,ff
000b,ff
000c,ff
000d,ff
000e,ff
000f,ff
0010,ff
0011,ff
0012,ff
0013,ff
0014,ff
0015,ff
0016,ff
0017,ff
0018,ff
0019,ff
001a,ff
001b,ff
001c,ff
001d,ff
001e,ff
001f,ff
0020,ff
0021,ff
0022,ff
0023,ff
0024,ff
0025,ff
0026,ff
0027,ff
0028,ff
0029,ff
002a,ff
002b,ff
002c,ff
002d,ff
002e,ff
002f,ff
0030,ff
0031,ff
0032,ff
0033,ff
0034,ff
0035,ff
0036,ff
0037,ff
0038,ff
0039,ff
003a,ff
003b,ff
003c,ff
003d,ff
003e,ff
003f,ff
0040,ff
0041,ff
0042,ff
0043,ff
0044,ff
0045,ff
0046,ff
0047,ff
0048,ff
0049,ff
004a,ff
004b,ff
004c,ff
004d,ff
004e,ff
004f,ff
0050,ff
0051,ff
0052,ff
0053,ff
0054,ff
0055,ff
0056,ff
0057,ff
0058,ff
0059,ff
005a,ff
005b,ff
005c,ff
005d,ff
005e,ff
005f,ff
0060,ff
0061,ff
0062,ff
0063,ff
0064,ff
0065,ff
0066,ff
0067,ff
0068,ff
0069,ff
006a,ff
006b,ff
006c,ff
006d,ff
006e,ff
006f,ff
0070,ff
0071,ff
0072,ff
0073,ff
0074,ff
0075,ff
0076,ff
0077,ff
0078,ff
0079,ff
007a,ff
007b,ff
007c,ff
007d,ff
007e,ff
007f,ff
0080,ff
0081,ff
0082,ff
0083,ff
0084,ff
0085,ff
0086,ff
0087,ff
0088,ff
0089,ff
008a,ff
008b,ff
008c,ff
008d,ff
008e,ff
008f,ff
0090,ff
0091,ff
0092,ff
0093,ff
0094,ff
0095,ff
0096,ff
0097,ff
0098,ff
0099,ff
009a,ff
009b,ff
009c,ff
009d,ff
009e,ff
009f,ff
00a0,ff
00a1,ff
00a2,ff
00a3,ff
00a4,ff
00a5,ff
00a6,ff
00a7,ff
00a8,ff
00a9,ff
00aa,ff
00ab,ff
00ac,ff
00ad,ff
00ae,ff
00af,ff
00b0,ff
00b1,ff
00b2,ff
00b3,ff
00b4,ff
00b5,ff
00b6,ff
00b7,ff
00b8,ff
00b9,ff
00ba,ff
00bb,ff
00bc,ff
00bd,ff
00be,ff
00bf,ff
00c0,ff
00c1,ff
00c2,ff
00c3,ff
00c4,ff
00c5,ff
00c6,ff
00c7,ff
00c8,ff
00c9,ff
00ca,ff
00cb,ff
00cc,ff
00cd,ff
00ce,ff
00cf,ff
00d0,ff
00d1,ff
00d2,ff
00d3,ff
00d4,ff
00d5,ff
00d6,ff
00d7,ff
00d8,ff
00d9,ff
00da,ff
00db,ff
00dc,ff
00dd,ff
00de,ff
00df,ff
00e0,ff
00e1,ff
00e2,ff
00e3,ff
00e4,ff
00e5,ff
00e6,ff
00e7,ff
00e8,ff
00e9,ff
00ea,ff
00eb,ff
00ec,ff
00ed,ff
00ee,ff
00ef,ff
00f0,ff
00f1,ff
00f2,ff
00f3,ff
00f4,ff
00f5,ff
00f6,ff
00f7,ff
00f8,ff
00f9,ff
00fa,ff
00fb,ff
00fc,ff
00fd,ff
00fe,ff
00ff,ff
0100,ff
0101,ff
0102,ff
0103,ff
0104,ff
0105,ff
0106,ff
0107,fe
0108,5f
0109,ff
010a,ff
010b,ff
010c,ff
010d,ff
010e,ff
010f,ff
0110,ff
0111,ff
0112,ff
0113,ff
0114,ff
0115,ff
0116,ff
0117,ff
0118,ff
0119,ff
011a,ff
011b,ff
011c,ff
011d,ff
011e,ff
011f,ff
0120,ff
0121,ff
0122,ff
0123,ff
0124,ff
0125,ff
0126,ff
0127,f8
0128,01
0129,ff
012a,ff
012b,ff
012c,ff
012d,ff
012e,ff
012f,ff
0130,ff
0131,ff
0132,ff
0133,ff
0134,ff
0135,ff
0136,ff
0137,ff
0138,ff
0139,ff
013a,ff
013b,ff
013c,ff
013d,ff
013e,ff
013f,ff
0140,ff
0141,ff
0142,ff
0143,ff
0144,ff
0145,ff
0146,ff
0147,e0
0148,00
0149,ff
014a,ff
014b,ff
014c,ff
014d,ff
014e,e0
014f,7f
0150,ff
0151,ff
0152,ff
0153,ff
0154,ff
0155,ff
0156,ff
0157,ff
0158,ff
0159,ff
015a,ff
015b,ff
015c,ff
015d,ff
015e,ff
015f,ff
0160,ff
0161,ff
0162,ff
0163,ff
0164,ff
0165,ff
0166,ff
0167,c0
0168,00
0169,7f
016a,ff
016b,ff
016c,ff
016d,f0
016e,00
016f,65
0170,ff
0171,ff
0172,ff
0173,ff
0174,ff
0175,ff
0176,ff
0177,ff
0178,ff
0179,ff
017a,ff
017b,ff
017c,ff
017d,ff
017e,ff
017f,ff
0180,ff
0181,ff
0182,ff
0183,ff
0184,ff
0185,ff
0186,ff
0187,c0
0188,01
0189,7f
018a,ff
018b,ff
018c,ff
018d,f0
018e,00
018f,28
0190,ff
0191,ff
0192,ff
0193,ff
0194,ff
0195,ff
0196,ff
0197,ff
0198,ff
0199,ff
019a,ff
019b,ff
019c,ff
019d,ff
019e,ff
019f,ff
01a0,ff
01a1,ff
01a2,ff
01a3,ff
01a4,ff
01a5,ff
01a6,ff
01a7,c0
01a8,00
01a9,7f
01aa,ff
01ab,ff
01ac,f9
01ad,c1
01ae,80
01af,c8
01b0,7f
01b1,ff
01b2,ff
01b3,ff
01b4,ff
01b5,ff
01b6,ff
01b7,ff
01b8,ff
01b9,ff
01ba,ff
01bb,ff
01bc,ff
01bd,ff
01be,ff
01bf,ff
01c0,ff
01c1,ff
01c2,ff
01c3,ff
01c4,ff
01c5,ff
01c6,ff
01c7,80
01c8,00
01c9,3f
01ca,ff
01cb,ff
01cc,f2
01cd,1f
01ce,e0
01cf,08
01d0,1f
01d1,ff
01d2,ff
01d3,ff
01d4,ff
01d5,ff
01d6,ff
01d7,ff
01d8,ff
01d9,ff
01da,ff
01db,ff
01dc,ff
01dd,ff
01de,ff
01df,ff
01e0,ff
01e1,ff
01e2,ff
01e3,ff
01e4,ff
01e5,ff
01e6,ff
01e7,bf
01e8,f8
01e9,3f
01ea,ff
01eb,ff
01ec,f0
01ed,10
01ee,e0
01ef,00
01f0,0f
01f1,ff
01f2,ff
01f3,ff
01f4,ff
01f5,ff
01f6,ff
01f7,ff
01f8,ff
01f9,ff
01fa,ff
01fb,ff
01fc,ff
01fd,ff
01fe,ff
01ff,ff
0200,ff
0201,ff
0202,ff
0203,ff
0204,ff
0205,ff
0206,ff
0207,98
0208,00
0209,1f
020a,ff
020b,ff
020c,80
020d,d8
020e,e0
020f,00
0210,07
0211,ff
0212,ff
0213,ff
0214,ff
0215,ff
0216,ff
0217,ff
0218,ff
0219,ff
021a,ff
021b,ff
021c,ff
021d,ff
021e,ff
021f,ff
0220,ff
0221,ff
0222,ff
0223,ff
0224,ff
0225,ff
0226,ff
0227,0c
0228,00
0229,1f
022a,ff
022b,fc
022c,30
022d,81
022e,e0
022f,00
0230,03
0231,ff
0232,ff
0233,ff
0234,ff
0235,ff
0236,ff
0237,ff
0238,ff
0239,ff
023a,ff
023b,ff
023c,ff
023d,ff
023e,ff
023f,ff
0240,ff
0241,ff
0242,ff
0243,ff
0244,ff
0245,ff
0246,ff
0247,0e
0248,48
0249,1f
024a,ff
024b,71
024c,80
024d,2f
024e,c0
024f,03
0250,03
0251,ff
0252,ff
0253,ff
0254,ff
0255,ff
0256,ff
0257,ff
0258,ff
0259,ff
025a,ff
025b,ff
025c,ff
025d,ff
025e,ff
025f,ff
0260,ff
0261,ff
0262,ff
0263,ff
0264,ff
0265,ff
0266,ff
0267,04
0268,5e
0269,3f
026a,f8
026b,06
026c,3f
026d,c0
026e,20
026f,03
0270,20
0271,ff
0272,ff
0273,ff
0274,ff
0275,ff
0276,ff
0277,ff
0278,ff
0279,ff
027a,ff
027b,ff
027c,ff
027d,ff
027e,ff
027f,ff
0280,ff
0281,ff
0282,ff
0283,ff
0284,ff
0285,ff
0286,ff
0287,80
0288,5e
0289,03
028a,e2
028b,1e
028c,f0
028d,16
028e,00
028f,00
0290,b0
0291,ff
0292,ff
0293,ff
0294,ff
0295,ff
0296,ff
0297,ff
0298,ff
0299,ff
029a,ff
029b,ff
029c,ff
029d,ff
029e,ff
029f,ff
02a0,ff
02a1,ff
02a2,ff
02a3,ff
02a4,ff
02a5,ff
02a6,ff
02a7,80
02a8,dc
02a9,0b
02aa,c0
02ab,3f
02ac,07
02ad,ff
02ae,c8
02af,00
02b0,20
02b1,ff
02b2,ff
02b3,ff
02b4,ff
02b5,ff
02b6,ff
02b7,ff
02b8,ff
02b9,ff
02ba,ff
02bb,ff
02bc,ff
02bd,ff
02be,ff
02bf,ff
02c0,ff
02c1,ff
02c2,ff
02c3,ff
02c4,ff
02c5,ff
02c6,ff
02c7,81
02c8,98
02c9,03
02ca,c0
02cb,7c
02cc,7f
02cd,ff
02ce,ce
02cf,c0
02d0,00
02d1,ff
02d2,ff
02d3,ff
02d4,ff
02d5,ff
02d6,ff
02d7,ff
02d8,ff
02d9,ff
02da,ff
02db,ff
02dc,ff
02dd,ff
02de,ff
02df,ff
02e0,ff
02e1,ff
02e2,ff
02e3,ff
02e4,ff
02e5,ff
02e6,ff
02e7,83
02e8,b0
02e9,0c
02ea,00
02eb,01
02ec,ff
02ed,ff
02ee,cc
02ef,40
02f0,00
02f1,ff
02f2,ff
02f3,ff
02f4,ff
02f5,ff
02f6,ff
02f7,ff
02f8,ff
02f9,ff
02fa,ff
02fb,ff
02fc,ff
02fd,ff
02fe,ff
02ff,ff
0300,ff
0301,ff
0302,ff
0303,ff
0304,ff
0305,ff
0306,ff
0307,8f
0308,00
0309,0e
030a,60
030b,0f
030c,ff
030d,ff
030e,e0
030f,60
0310,00
0311,ff
0312,ff
0313,ff
0314,ff
0315,ff
0316,ff
0317,ff
0318,ff
0319,ff
031a,ff
031b,ff
031c,ff
031d,ff
031e,ff
031f,ff
0320,ff
0321,ff
0322,ff
0323,ff
0324,ff
0325,ff
0326,ff
0327,a6
0328,00
0329,8e
032a,00
032b,3f
032c,ff
032d,ff
032e,e0
032f,00
0330,00
0331,ff
0332,ff
0333,ff
0334,ff
0335,ff
0336,ff
0337,ff
0338,ff
0339,ff
033a,ff
033b,ff
033c,ff
033d,ff
033e,ff
033f,ff
0340,ff
0341,ff
0342,ff
0343,ff
0344,ff
0345,ff
0346,ff
0347,b0
0348,c0
0349,7e
034a,00
034b,3f
034c,ff
034d,ff
034e,e0
034f,00
0350,00
0351,ff
0352,ff
0353,ff
0354,ff
0355,ff
0356,ff
0357,ff
0358,ff
0359,ff
035a,ff
035b,ff
035c,ff
035d,ff
035e,ff
035f,ff
0360,ff
0361,ff
0362,ff
0363,ff
0364,ff
0365,ff
0366,ff
0367,83
0368,84
0369,75
036a,00
036b,3f
036c,ff
036d,ff
036e,f0
036f,c7
0370,00
0371,ff
0372,ff
0373,ff
0374,fe
0375,3f
0376,ff
0377,ff
0378,ff
0379,ff
037a,ff
037b,ff
037c,ff
037d,ff
037e,ff
037f,ff
0380,ff
0381,ff
0382,ff
0383,ff
0384,ff
0385,ff
0386,ff
0387,f3
0388,0e
0389,61
038a,00
038b,3f
038c,ff
038d,ff
038e,80
038f,60
0390,00
0391,7f
0392,ff
0393,ff
0394,fc
0395,00
0396,07
0397,ff
0398,ff
0399,ff
039a,ff
039b,ff
039c,ff
039d,ff
039e,ff
039f,ff
03a0,ff
03a1,ff
03a2,ff
03a3,ff
03a4,ff
03a5,ff
03a6,ff
03a7,fc
03a8,3e
03a9,2f
03aa,90
03ab,1d
03ac,ff
03ad,f8
03ae,00
03af,00
03b0,01
03b1,ff
03b2,ff
03b3,ff
03b4,fe
03b5,03
03b6,87
03b7,ff
03b8,ff
03b9,ff
03ba,ff
03bb,ff
03bc,ff
03bd,ff
03be,ff
03bf,ff
03c0,ff
03c1,ff
03c2,ff
03c3,ff
03c4,ff
03c5,ff
03c6,ff
03c7,fe
03c8,7f
03c9,0f
03ca,d0
03cb,1c
03cc,1f
03cd,03
03ce,80
03cf,00
03d0,00
03d1,ff
03d2,ff
03d3,ff
03d4,fc
03d5,3f
03d6,c3
03d7,ff
03d8,ff
03d9,ff
03da,ff
03db,ff
03dc,ff
03dd,ff
03de,ff
03df,ff
03e0,ff
03e1,ff
03e2,ff
03e3,ff
03e4,ff
03e5,ff
03e6,ff
03e7,fc
03e8,ff
03e9,1f
03ea,d0
03eb,4f
03ec,df
03ed,ff
03ee,c0
03ef,00
03f0,03
03f1,ff
03f2,ff
03f3,ff
03f4,fe
03f5,1e
03f6,07
03f7,ff
03f8,ff
03f9,ff
03fa,ff
03fb,ff
03fc,ff
03fd,ff
03fe,ff
03ff,ff
0400,ff
0401,ff
0402,ff
0403,ff
0404,ff
0405,ff
0406,ff
0407,f9
0408,ff
0409,1f
040a,c4
040b,07
040c,ff
040d,f1
040e,c0
040f,00
0410,37
0411,ff
0412,ff
0413,ff
0414,fe
0415,1f
0416,0f
0417,ff
0418,ff
0419,ff
041a,ff
041b,ff
041c,ff
041d,ff
041e,ff
041f,ff
0420,ff
0421,ff
0422,ff
0423,ff
0424,ff
0425,ff
0426,ff
0427,f7
0428,ff
0429,1f
042a,e6
042b,03
042c,ff
042d,fc
042e,e0
042f,00
0430,07
0431,ff
0432,ff
0433,ff
0434,fe
0435,1f
0436,0f
0437,ff
0438,ff
0439,ff
043a,ff
043b,ff
043c,ff
043d,ff
043e,ff
043f,ff
0440,ff
0441,ff
0442,ff
0443,ff
0444,ff
0445,ff
0446,ff
0447,f7
0448,ff
0449,9f
044a,f2
044b,00
044c,0f
044d,fe
044e,61
044f,00
0450,03
0451,ff
0452,ff
0453,ff
0454,fe
0455,0f
0456,07
0457,ff
0458,ff
0459,ff
045a,ff
045b,ff
045c,ff
045d,ff
045e,ff
045f,ff
0460,ff
0461,ff
0462,ff
0463,ff
0464,ff
0465,ff
0466,ff
0467,e7
0468,ff
0469,0f
046a,f1
046b,00
046c,07
046d,ff
046e,21
046f,98
0470,c0
0471,3f
0472,ff
0473,ff
0474,fe
0475,07
0476,0f
0477,ff
0478,ff
0479,ff
047a,ff
047b,ff
047c,ff
047d,ff
047e,ff
047f,ff
0480,ff
0481,ff
0482,ff
0483,ff
0484,ff
0485,0f
0486,ff
0487,f3
0488,fe
0489,01
048a,f4
048b,3b
048c,1f
048d,f9
048e,81
048f,ff
0490,87
0491,03
0492,ff
0493,ff
0494,fe
0495,00
0496,07
0497,ff
0498,ff
0499,ff
049a,ff
049b,ff
049c,ff
049d,ff
049e,ff
049f,ff
04a0,ff
04a1,ff
04a2,ff
04a3,ff
04a4,ff
04a5,01
04a6,ff
04a7,11
04a8,fe
04a9,41
04aa,f2
04ab,7f
04ac,c7
04ad,fd
04ae,c1
04af,ff
04b0,c7
04b1,f8
04b2,17
04b3,ff
04b4,fe
04b5,40
04b6,01
04b7,ff
04b8,ff
04b9,ff
04ba,ff
04bb,ff
04bc,ff
04bd,ff
04be,ff
04bf,ff
04c0,ff
04c1,ff
04c2,ff
04c3,ff
04c4,f8
04c5,38
04c6,18
04c7,78
04c8,1f
04c9,e0
04ca,f3
04cb,7f
04cc,f1
04cd,fc
04ce,e1
04cf,ff
04d0,e1
04d1,fe
04d2,03
04d3,ff
04d4,fc
04d5,e0
04d6,1d
04d7,ff
04d8,ff
04d9,ff
04da,ff
04db,ff
04dc,ff
04dd,ff
04de,ff
04df,ff
04e0,ff
04e1,ff
04e2,ff
04e3,f3
04e4,e3
04e5,ff
04e6,00
04e7,78
04e8,0f
04e9,f2
04ea,23
04eb,ff
04ec,fc
04ed,7e
04ee,e1
04ef,ff
04f0,fc
04f1,f8
04f2,00
04f3,ff
04f4,fc
04f5,ff
04f6,fb
04f7,ff
04f8,ff
04f9,ff
04fa,ff
04fb,ff
04fc,ff
04fd,ff
04fe,ff
04ff,ff
0500,ff
0501,ff
0502,ff
0503,a7
0504,e7
0505,ff
0506,c0
0507,18
0508,07
0509,ff
050a,87
050b,ff
050c,ff
050d,9e
050e,e1
050f,ff
0510,ff
0511,38
0512,00
0513,3f
0514,fc
0515,3f
0516,fb
0517,ff
0518,ff
0519,ff
051a,ff
051b,ff
051c,ff
051d,ff
051e,ff
051f,ff
0520,ff
0521,ff
0522,ff
0523,7f
0524,f0
0525,ff
0526,e3
0527,9c
0528,07
0529,ff
052a,c3
052b,ff
052c,ff
052d,e2
052e,eb
052f,9f
0530,ff
0531,8c
0532,e0
0533,3d
0534,e5
0535,c3
0536,fb
0537,ff
0538,ff
0539,ff
053a,ff
053b,ff
053c,ff
053d,ff
053e,ff
053f,ff
0540,ff
0541,ff
0542,fe
0543,67
0544,f0
0545,00
0546,00
0547,9f
0548,01
0549,ff
054a,c0
054b,3f
054c,ff
054d,f8
054e,6b
054f,df
0550,ff
0551,e2
0552,00
0553,03
0554,c5
0555,fb
0556,fb
0557,ff
0558,ff
0559,ff
055a,ff
055b,ff
055c,ff
055d,ff
055e,ff
055f,ff
0560,ff
0561,ff
0562,f8
0563,e0
0564,f0
0565,00
0566,06
0567,00
0568,00
0569,3f
056a,c0
056b,1f
056c,ff
056d,fe
056e,81
056f,cf
0570,ff
0571,f8
0572,7f
0573,83
0574,cd
0575,ff
0576,f1
0577,ff
0578,ff
0579,ff
057a,ff
057b,ff
057c,ff
057d,ff
057e,ff
057f,ff
0580,ff
0581,ff
0582,e4
0583,ec
0584,70
0585,00
0586,00
0587,9f
0588,80
0589,07
058a,80
058b,2f
058c,ff
058d,fe
058e,80
058f,01
0590,ff
0591,ff
0592,3f
0593,f8
0594,1d
0595,ff
0596,c3
0597,ff
0598,ff
0599,ff
059a,ff
059b,ff
059c,ff
059d,ff
059e,ff
059f,ff
05a0,ff
05a1,ff
05a2,8d
05a3,ec
05a4,70
05a5,df
05a6,ef
05a7,e7
05a8,80
05a9,f0
05aa,00
05ab,07
05ac,ff
05ad,fe
05ae,a3
05af,80
05b0,ff
05b1,ff
05b2,ff
05b3,fe
05b4,fe
05b5,fe
05b6,13
05b7,ff
05b8,ff
05b9,ff
05ba,ff
05bb,ff
05bc,ff
05bd,ff
05be,ff
05bf,ff
05c0,ff
05c1,ff
05c2,31
05c3,e0
05c4,73
05c5,e7
05c6,ef
05c7,91
05c8,01
05c9,ff
05ca,00
05cb,07
05cc,ff
05cd,fe
05ce,23
05cf,f0
05d0,03
05d1,ff
05d2,ff
05d3,fe
05d4,fe
05d5,e0
05d6,c3
05d7,ff
05d8,ff
05d9,e1
05da,ff
05db,ff
05dc,ff
05dd,ff
05de,ff
05df,ff
05e0,ff
05e1,fc
05e2,e3
05e3,e0
05e4,73
05e5,f3
05e6,ea
05e7,90
05e8,0b
05e9,ff
05ea,80
05eb,07
05ec,ff
05ed,fe
05ee,43
05ef,fc
05f0,78
05f1,c6
05f2,3f
05f3,fc
05f4,f8
05f5,67
05f6,13
05f7,ff
05f8,ff
05f9,1d
05fa,ff
05fb,ff
05fc,ff
05fd,ff
05fe,ff
05ff,ff
0600,ff
0601,f1
0602,e3
0603,c0
0604,f3
0605,f9
0606,e2
0607,80
0608,1b
0609,ff
060a,f0
060b,03
060c,ff
060d,fe
060e,d3
060f,f0
0610,1c
0611,ff
0612,ff
0613,fd
0614,f3
0615,7c
0616,f7
0617,ff
0618,fc
0619,7c
061a,ff
061b,ff
061c,ff
061d,ff
061e,ff
061f,ff
0620,ff
0621,e7
0622,c4
0623,c0
0624,f3
0625,fc
0626,e0
0627,80
0628,0f
0629,ff
062a,f8
062b,03
062c,ff
062d,ff
062e,c3
062f,c1
0630,00
0631,7f
0632,ff
0633,fd
0634,f3
0635,e3
0636,c7
0637,ff
0638,f9
0639,fe
063a,7f
063b,ff
063c,ff
063d,ff
063e,ff
063f,ff
0640,ff
0641,cf
0642,84
0643,c2
0644,f2
0645,fe
0646,60
0647,00
0648,67
0649,ff
064a,f8
064b,83
064c,ff
064d,ff
064e,82
064f,00
0650,00
0651,03
0652,f3
0653,fd
0654,f9
0655,cf
0656,f7
0657,ff
0658,f3
0659,fe
065a,7f
065b,ff
065c,ff
065d,ff
065e,ff
065f,ff
0660,ff
0661,3f
0662,0c
0663,c2
0664,e4
0665,ff
0666,20
0667,00
0668,7b
0669,ff
066a,f8
066b,83
066c,9f
066d,fc
066e,00
066f,00
0670,3f
0671,78
0672,00
0673,f9
0674,ed
0675,9f
0676,c3
0677,ff
0678,e7
0679,fe
067a,3f
067b,f8
067c,1f
067d,ff
067e,ff
067f,ff
0680,fe
0681,7c
0682,09
0683,c6
0684,e3
0685,ff
0686,88
0687,00
0688,ff
0689,ff
068a,fd
068b,83
068c,8f
068d,fc
068e,00
068f,06
0690,0b
0691,ff
0692,e2
0693,7b
0694,ef
0695,ff
0696,17
0697,ff
0698,df
0699,fe
069a,bf
069b,03
069c,7f
069d,ff
069e,ff
069f,ff
06a0,fd
06a1,f8
06a2,09
06a3,c6
06a4,07
06a5,ff
06a6,c8
06a7,39
06a8,ff
06a9,ff
06aa,bd
06ab,c3
06ac,87
06ad,f0
06ae,00
06af,7f
06b0,31
06b1,ff
06b2,ff
06b3,3b
06b4,ef
06b5,f8
06b6,77
06b7,ff
06b8,bf
06b9,fe
06ba,30
06bb,7c
06bc,ff
06bd,ff
06be,ff
06bf,ff
06c0,f3
06c1,c0
06c2,03
06c3,86
06c4,3f
06c5,ff
06c6,e0
06c7,7b
06c8,ff
06c9,ff
06ca,fd
06cb,c3
06cc,83
06cd,c0
06ce,03
06cf,fe
06d0,75
06d1,ff
06d2,ff
06d3,cb
06d4,e0
06d5,43
06d6,f7
06d7,ff
06d8,77
06d9,fe
06da,07
06db,f9
06dc,7f
06dd,ff
06de,ff
06df,ff
06e0,e6
06e1,01
06e2,00
06e3,8f
06e4,ff
06e5,ff
06e6,f9
06e7,77
06e8,ff
06e9,ff
06ea,fd
06eb,cb
06ec,83
06ed,00
06ee,0f
06ef,fe
06f0,6c
06f1,ff
06f2,ff
06f3,e3
06f4,e3
06f5,1f
06f6,f7
06f7,fe
06f8,e6
06f9,f8
06fa,3f
06fb,f0
06fc,7f
06fd,ff
06fe,ff
06ff,ff
0700,f0
0701,03
0702,00
0703,1f
0704,ff
0705,ff
0706,fc
0707,cf
0708,ff
0709,ff
070a,f9
070b,cb
070c,82
070d,00
070e,3f
070f,fe
0710,6e
0711,7f
0712,ff
0713,f9
0714,e3
0715,ff
0716,f7
0717,fc
0718,cc
0719,ff
071a,3f
071b,e0
071c,7f
071d,ff
071e,ff
071f,ff
0720,86
0721,3e
0722,07
0723,1f
0724,ff
0725,ff
0726,fe
0727,7f
0728,ff
0729,ff
072a,fb
072b,cf
072c,c8
072d,00
072e,ff
072f,fe
0730,5f
0731,7f
0732,ff
0733,fc
0734,07
0735,ff
0736,f7
0737,f9
0738,9d
0739,ff
073a,3f
073b,c8
073c,ff
073d,ff
073e,ff
073f,ff
0740,be
0741,78
0742,3e
0743,3f
0744,ff
0745,ff
0746,ff
0747,3f
0748,ff
0749,ff
074a,fb
074b,cf
074c,c0
074d,03
074e,ff
074f,fe
0750,df
0751,bf
0752,ff
0753,fe
0754,07
0755,ff
0756,cf
0757,fb
0758,39
0759,ff
075a,bf
075b,10
075c,ff
075d,ff
075e,ff
075f,ff
0760,ff
0761,e0
0762,ff
0763,ff
0764,ff
0765,ff
0766,ff
0767,9f
0768,ff
0769,ff
076a,f7
076b,ef
076c,c0
076d,0f
076e,ff
076f,ff
0770,df
0771,df
0772,ff
0773,ff
0774,07
0775,ff
0776,8f
0777,f6
0778,73
0779,ff
077a,8c
077b,01
077c,ff
077d,ff
077e,ff
077f,ff
0780,ff
0781,8e
0782,ff
0783,ff
0784,ff
0785,ff
0786,ff
0787,ff
0788,ff
0789,ff
078a,f7
078b,ff
078c,90
078d,00
078e,7f
078f,ff
0790,9f
0791,e4
0792,ff
0793,ff
0794,87
0795,ff
0796,07
0797,e4
0798,e7
0799,ff
079a,88
079b,01
079c,ff
079d,ff
079e,ff
079f,ff
07a0,ff
07a1,bf
07a2,ff
07a3,ff
07a4,ff
07a5,ff
07a6,ff
07a7,ff
07a8,ff
07a9,ff
07aa,e7
07ab,fe
07ac,7e
07ad,03
07ae,ff
07af,ff
07b0,bf
07b1,f1
07b2,7f
07b3,ff
07b4,83
07b5,fc
07b6,03
07b7,e9
07b8,cf
07b9,ff
07ba,90
07bb,01
07bc,ff
07bd,ff
07be,ff
07bf,ff
07c0,ff
07c1,ff
07c2,ff
07c3,ff
07c4,ff
07c5,ff
07c6,ff
07c7,ff
07c8,ff
07c9,ff
07ca,ef
07cb,fc
07cc,fc
07cd,cf
07ce,ff
07cf,ff
07d0,bd
07d1,cc
07d2,7f
07d3,ff
07d4,c0
07d5,00
07d6,03
07d7,d7
07d8,9f
07d9,ff
07da,83
07db,01
07dc,ff
07dd,ff
07de,ff
07df,ff
07e0,ff
07e1,ff
07e2,ff
07e3,ff
07e4,ff
07e5,ff
07e6,ff
07e7,ff
07e8,ff
07e9,ff
07ea,ef
07eb,f3
07ec,f9
07ed,bf
07ee,ff
07ef,ff
07f0,b8
07f1,8f
07f2,1f
07f3,ff
07f4,c0
07f5,00
07f6,03
07f7,8f
07f8,3f
07f9,ff
07fa,a7
07fb,03
07fc,ff
07fd,ff
07fe,ff
07ff,ff
0800,ff
0801,ff
0802,ff
0803,ff
0804,ff
0805,ff
0806,ff
0807,ff
0808,ff
0809,ff
080a,df
080b,c7
080c,f2
080d,3f
080e,ff
080f,ff
0810,30
0811,07
0812,c3
0813,ff
0814,c0
0815,00
0816,7b
0817,9c
0818,ff
0819,ff
081a,87
081b,83
081c,ff
081d,ff
081e,ff
081f,ff
0820,ff
0821,ff
0822,ff
0823,ff
0824,ff
0825,ff
0826,ff
0827,ff
0828,ff
0829,ff
082a,df
082b,9f
082c,e4
082d,bf
082e,ff
082f,ff
0830,73
0831,c3
0832,f8
0833,ff
0834,c3
0835,08
0836,7b
0837,39
0838,ff
0839,ff
083a,87
083b,83
083c,ff
083d,ff
083e,ff
083f,ff
0840,ff
0841,ff
0842,ff
0843,ff
0844,ff
0845,ff
0846,ff
0847,ff
0848,ff
0849,ff
084a,9e
084b,3f
084c,89
084d,bf
084e,ff
084f,ff
0850,77
0851,f3
0852,df
0853,ff
0854,e0
0855,01
0856,f3
0857,67
0858,ff
0859,ff
085a,97
085b,07
085c,ff
085d,ff
085e,ff
085f,ff
0860,ff
0861,ff
0862,ff
0863,ff
0864,ff
0865,ff
0866,ff
0867,ff
0868,ff
0869,ff
086a,81
086b,ff
086c,13
086d,3f
086e,ff
086f,fe
0870,7f
0871,f3
0872,ff
0873,ff
0874,e0
0875,03
0876,f6
0877,4f
0878,ff
0879,ff
087a,92
087b,03
087c,ff
087d,ff
087e,ff
087f,ff
0880,ff
0881,ff
0882,ff
0883,ff
0884,ff
0885,ff
0886,ff
0887,ff
0888,ff
0889,ff
088a,ff
088b,fe
088c,6f
088d,7f
088e,ff
088f,fe
0890,7f
0891,f6
0892,3e
0893,7f
0894,e0
0895,01
0896,e4
0897,3f
0898,ff
0899,ff
089a,00
089b,03
089c,ff
089d,ff
089e,ff
089f,ff
08a0,ff
08a1,ff
08a2,ff
08a3,ff
08a4,ff
08a5,ff
08a6,ff
08a7,ff
08a8,ff
08a9,ff
08aa,ff
08ab,fc
08ac,9f
08ad,7f
08ae,ff
08af,ff
08b0,7f
08b1,f7
08b2,fc
08b3,0f
08b4,e0
08b5,08
08b6,08
08b7,7f
08b8,ff
08b9,e0
08ba,18
08bb,0b
08bc,ff
08bd,ff
08be,ff
08bf,ff
08c0,ff
08c1,ff
08c2,ff
08c3,ff
08c4,ff
08c5,ff
08c6,ff
08c7,ff
08c8,ff
08c9,ff
08ca,ff
08cb,f8
08cc,3e
08cd,7f
08ce,ff
08cf,ff
08d0,9f
08d1,ff
08d2,ff
08d3,f3
08d4,e0
08d5,f9
08d6,e1
08d7,ff
08d8,fe
08d9,0f
08da,c0
08db,0f
08dc,ff
08dd,ff
08de,ff
08df,ff
08e0,ff
08e1,ff
08e2,ff
08e3,ff
08e4,ff
08e5,ff
08e6,ff
08e7,ff
08e8,ff
08e9,ff
08ea,ff
08eb,f0
08ec,7f
08ed,ff
08ee,ff
08ef,fe
08f0,3f
08f1,ff
08f2,ff
08f3,80
08f4,c0
08f5,fb
08f6,e3
08f7,ff
08f8,80
08f9,ff
08fa,c0
08fb,00
08fc,ff
08fd,ff
08fe,ff
08ff,ff
0900,ff
0901,ff
0902,ff
0903,ff
0904,ff
0905,ff
0906,ff
0907,ff
0908,ff
0909,ff
090a,ff
090b,e1
090c,ff
090d,ff
090e,ff
090f,f8
0910,ff
0911,ff
0912,fe
0913,07
0914,00
0915,fb
0916,ef
0917,fe
0918,7f
0919,ff
091a,c1
091b,1c
091c,00
091d,03
091e,ff
091f,ff
0920,ff
0921,ff
0922,ff
0923,ff
0924,ff
0925,ff
0926,ff
0927,ff
0928,ff
0929,ff
092a,ff
092b,83
092c,ff
092d,ff
092e,ff
092f,e3
0930,ff
0931,ff
0932,f8
0933,0c
0934,61
0935,f3
0936,ff
0937,ff
0938,ff
0939,ff
093a,0f
093b,00
093c,07
093d,88
093e,1f
093f,ff
0940,ff
0941,ff
0942,ff
0943,ff
0944,ff
0945,ff
0946,ff
0947,ff
0948,ff
0949,ff
094a,ff
094b,0f
094c,ff
094d,ff
094e,ff
094f,8f
0950,ff
0951,ff
0952,e0
0953,e9
0954,e3
0955,f3
0956,ff
0957,ff
0958,ff
0959,fe
095a,40
095b,00
095c,07
095d,9c
095e,ef
095f,ff
0960,ff
0961,ff
0962,ff
0963,ff
0964,ff
0965,ff
0966,ff
0967,ff
0968,ff
0969,ff
096a,fe
096b,1f
096c,ff
096d,ff
096e,fe
096f,3f
0970,ff
0971,ff
0972,83
0973,f7
0974,c3
0975,f7
0976,ff
0977,ff
0978,ff
0979,ff
097a,cf
097b,87
097c,3f
097d,7e
097e,67
097f,ff
0980,ff
0981,ff
0982,ff
0983,ff
0984,ff
0985,ff
0986,ff
0987,ff
0988,ff
0989,ff
098a,fc
098b,3f
098c,ff
098d,ff
098e,f8
098f,3f
0990,ff
0991,ff
0992,1f
0993,f3
0994,c3
0995,f7
0996,ff
0997,ff
0998,ff
0999,ff
099a,cf
099b,f0
099c,02
099d,ff
099e,73
099f,ff
09a0,ff
09a1,ff
09a2,ff
09a3,ff
09a4,ff
09a5,ff
09a6,ff
09a7,ff
09a8,ff
09a9,ff
09aa,f8
09ab,7f
09ac,ff
09ad,ff
09ae,e3
09af,bf
09b0,ff
09b1,f8
09b2,7f
09b3,f9
09b4,c3
09b5,e7
09b6,ff
09b7,ff
09b8,ff
09b9,ff
09ba,ef
09bb,f1
09bc,e0
09bd,ff
09be,33
09bf,ff
09c0,ff
09c1,ff
09c2,ff
09c3,ff
09c4,ff
09c5,ff
09c6,ff
09c7,ff
09c8,ff
09c9,ff
09ca,f0
09cb,ff
09cc,ff
09cd,ff
09ce,8f
09cf,df
09d0,ff
09d1,f1
09d2,ff
09d3,ff
09d4,c7
09d5,ef
09d6,ff
09d7,ff
09d8,ff
09d9,ff
09da,ef
09db,8e
09dc,60
09dd,3f
09de,27
09df,ff
09e0,ff
09e1,ff
09e2,ff
09e3,ff
09e4,ff
09e5,ff
09e6,ff
09e7,ff
09e8,ff
09e9,ff
09ea,c1
09eb,ff
09ec,ff
09ed,fc
09ee,3f
09ef,df
09f0,ff
09f1,e7
09f2,ff
09f3,ff
09f4,df
09f5,ef
09f6,ff
09f7,ff
09f8,ff
09f9,f8
09fa,e6
09fb,3c
09fc,01
09fd,9f
09fe,2f
09ff,ff
0a00,ff
0a01,ff
0a02,ff
0a03,ff
0a04,ff
0a05,ff
0a06,ff
0a07,ff
0a08,ff
0a09,ff
0a0a,83
0a0b,ff
0a0c,ff
0a0d,f8
0a0e,ff
0a0f,df
0a10,ff
0a11,cf
0a12,ff
0a13,ff
0a14,cf
0a15,ef
0a16,ff
0a17,ff
0a18,ff
0a19,e3
0a1a,f7
0a1b,f8
0a1c,02
0a1d,3f
0a1e,2f
0a1f,ff
0a20,ff
0a21,ff
0a22,ff
0a23,ff
0a24,ff
0a25,ff
0a26,ff
0a27,ff
0a28,ff
0a29,ff
0a2a,07
0a2b,ff
0a2c,ff
0a2d,f3
0a2e,ff
0a2f,ef
0a30,ff
0a31,3f
0a32,ff
0a33,ff
0a34,80
0a35,cf
0a36,ff
0a37,ff
0a38,ff
0a39,8f
0a3a,f7
0a3b,f0
0a3c,00
0a3d,3f
0a3e,2f
0a3f,ff
0a40,ff
0a41,ff
0a42,ff
0a43,ff
0a44,ff
0a45,ff
0a46,ff
0a47,ff
0a48,ff
0a49,fe
0a4a,1f
0a4b,ff
0a4c,ff
0a4d,c7
0a4e,ff
0a4f,ef
0a50,fc
0a51,7f
0a52,ff
0a53,ff
0a54,81
0a55,9f
0a56,ff
0a57,ff
0a58,fe
0a59,3f
0a5a,f7
0a5b,e0
0a5c,00
0a5d,7f
0a5e,0f
0a5f,ff
0a60,ff
0a61,ff
0a62,ff
0a63,ff
0a64,ff
0a65,ff
0a66,ff
0a67,ff
0a68,ff
0a69,f9
0a6a,3f
0a6b,df
0a6c,ff
0a6d,87
0a6e,ff
0a6f,ef
0a70,f9
0a71,ff
0a72,ff
0a73,ff
0a74,c0
0a75,1f
0a76,ff
0a77,ff
0a78,f1
0a79,ff
0a7a,fb
0a7b,80
0a7c,01
0a7d,fe
0a7e,1f
0a7f,ff
0a80,ff
0a81,ff
0a82,ff
0a83,ff
0a84,ff
0a85,ff
0a86,ff
0a87,ff
0a88,ff
0a89,f2
0a8a,7f
0a8b,cf
0a8c,ff
0a8d,07
0a8e,ff
0a8f,ef
0a90,e7
0a91,ff
0a92,ff
0a93,ff
0a94,e3
0a95,df
0a96,ff
0a97,ff
0a98,c7
0a99,ff
0a9a,f8
0a9b,00
0a9c,03
0a9d,fe
0a9e,1f
0a9f,ff
0aa0,ff
0aa1,e1
0aa2,ff
0aa3,ff
0aa4,ff
0aa5,ff
0aa6,ff
0aa7,ff
0aa8,ff
0aa9,cc
0aaa,ff
0aab,cf
0aac,ff
0aad,a7
0aae,ff
0aaf,f7
0ab0,cf
0ab1,ff
0ab2,ff
0ab3,ff
0ab4,e3
0ab5,ff
0ab6,ff
0ab7,ff
0ab8,ff
0ab9,ff
0aba,f8
0abb,80
0abc,47
0abd,fe
0abe,1f
0abf,ff
0ac0,ff
0ac1,e0
0ac2,1e
0ac3,7f
0ac4,ff
0ac5,ff
0ac6,ff
0ac7,ff
0ac8,ff
0ac9,93
0aca,ff
0acb,cf
0acc,ff
0acd,af
0ace,ff
0acf,d7
0ad0,3f
0ad1,ff
0ad2,ff
0ad3,ff
0ad4,e3
0ad5,9f
0ad6,ff
0ad7,ff
0ad8,ff
0ad9,ff
0ada,e3
0adb,81
0adc,ff
0add,fc
0ade,1f
0adf,ff
0ae0,ff
0ae1,3e
0ae2,00
0ae3,ff
0ae4,ff
0ae5,ff
0ae6,ff
0ae7,ff
0ae8,ff
0ae9,27
0aea,ff
0aeb,ce
0aec,ff
0aed,af
0aee,ff
0aef,d6
0af0,7f
0af1,ff
0af2,ff
0af3,ff
0af4,e3
0af5,bf
0af6,ff
0af7,ff
0af8,ff
0af9,ff
0afa,8f
0afb,03
0afc,cf
0afd,fc
0afe,9f
0aff,ff
0b00,fe
0b01,06
0b02,3f
0b03,ff
0b04,ff
0b05,ff
0b06,ff
0b07,ff
0b08,fc
0b09,1f
0b0a,ff
0b0b,ec
0b0c,ff
0b0d,27
0b0e,ff
0b0f,c7
0b10,ff
0b11,ff
0b12,ff
0b13,ff
0b14,e3
0b15,ff
0b16,ff
0b17,ff
0b18,ff
0b19,fe
0b1a,3f
0b1b,07
0b1c,9f
0b1d,f9
0b1e,bf
0b1f,ff
0b20,fe
0b21,4e
0b22,1f
0b23,ff
0b24,ff
0b25,ff
0b26,ff
0b27,ff
0b28,f9
0b29,3f
0b2a,ff
0b2b,c9
0b2c,ff
0b2d,77
0b2e,ff
0b2f,e7
0b30,ff
0b31,ff
0b32,ff
0b33,ff
0b34,e7
0b35,7f
0b36,ff
0b37,ff
0b38,ff
0b39,f9
0b3a,ff
0b3b,06
0b3c,7f
0b3d,f9
0b3e,bf
0b3f,ff
0b40,fe
0b41,6e
0b42,67
0b43,ff
0b44,ff
0b45,ff
0b46,ff
0b47,ff
0b48,e6
0b49,7f
0b4a,ff
0b4b,d3
0b4c,ff
0b4d,77
0b4e,ff
0b4f,e3
0b50,ff
0b51,ff
0b52,ff
0b53,ff
0b54,c7
0b55,7f
0b56,ff
0b57,ff
0b58,f7
0b59,c3
0b5a,ff
0b5b,0c
0b5c,ff
0b5d,f3
0b5e,bf
0b5f,ff
0b60,f8
0b61,67
0b62,03
0b63,ff
0b64,ff
0b65,ff
0b66,ff
0b67,ff
0b68,cc
0b69,ff
0b6a,ff
0b6b,87
0b6c,ff
0b6d,7b
0b6e,ff
0b6f,eb
0b70,ff
0b71,ff
0b72,ff
0b73,ff
0b74,c6
0b75,7f
0b76,ff
0b77,ff
0b78,f7
0b79,8f
0b7a,cf
0b7b,03
0b7c,ff
0b7d,f3
0b7e,3f
0b7f,ff
0b80,f2
0b81,47
0b82,85
0b83,ff
0b84,ff
0b85,ff
0b86,ff
0b87,ff
0b88,b9
0b89,ff
0b8a,ff
0b8b,8f
0b8c,fe
0b8d,7b
0b8e,ff
0b8f,e3
0b90,ff
0b91,ff
0b92,ff
0b93,ff
0b94,06
0b95,ff
0b96,ff
0b97,ff
0b98,e6
0b99,3f
0b9a,e7
0b9b,0f
0b9c,ff
0b9d,e7
0b9e,7f
0b9f,ff
0ba0,e2
0ba1,43
0ba2,c6
0ba3,5f
0ba4,ff
0ba5,ff
0ba6,ff
0ba7,fe
0ba8,73
0ba9,ff
0baa,ff
0bab,1f
0bac,fe
0bad,ff
0bae,ff
0baf,f3
0bb0,ff
0bb1,ff
0bb2,ff
0bb3,ff
0bb4,00
0bb5,ff
0bb6,ff
0bb7,ff
0bb8,e0
0bb9,00
0bba,43
0bbb,1f
0bbc,7f
0bbd,e7
0bbe,7f
0bbf,ff
0bc0,fb
0bc1,71
0bc2,e3
0bc3,9f
0bc4,ff
0bc5,ff
0bc6,ff
0bc7,fc
0bc8,e7
0bc9,ff
0bca,fe
0bcb,3f
0bcc,fe
0bcd,ff
0bce,ff
0bcf,f3
0bd0,ff
0bd1,ed
0bd2,ff
0bd3,ff
0bd4,00
0bd5,ff
0bd6,fc
0bd7,ff
0bd8,80
0bd9,7f
0bda,18
0bdb,4f
0bdc,7f
0bdd,cf
0bde,3f
0bdf,ff
0be0,fd
0be1,38
0be2,f1
0be3,8f
0be4,ff
0be5,ff
0be6,ff
0be7,f9
0be8,9f
0be9,ff
0bea,fc
0beb,7f
0bec,fe
0bed,ff
0bee,ff
0bef,f3
0bf0,ff
0bf1,c8
0bf2,7f
0bf3,ff
0bf4,00
0bf5,7f
0bf6,f8
0bf7,70
0bf8,07
0bf9,ff
0bfa,80
0bfb,0e
0bfc,7e
0bfd,cf
0bfe,3f
0bff,ff
0c00,fe
0c01,3c
0c02,79
0c03,b3
0c04,3f
0c05,ff
0c06,ff
0c07,90
0c08,3f
0c09,ff
0c0a,f8
0c0b,73
0c0c,fc
0c0d,ff
0c0e,ff
0c0f,f1
0c10,ff
0c11,c0
0c12,ff
0c13,ff
0c14,00
0c15,3f
0c16,fd
0c17,71
0c18,8f
0c19,ff
0c1a,80
0c1b,80
0c1c,fc
0c1d,9e
0c1e,3f
0c1f,ff
0c20,ff
0c21,1e
0c22,19
0c23,38
0c24,3f
0c25,ff
0c26,ff
0c27,c0
0c28,ff
0c29,ff
0c2a,f2
0c2b,e7
0c2c,fd
0c2d,ff
0c2e,ff
0c2f,f1
0c30,ff
0c31,8a
0c32,7f
0c33,ff
0c34,00
0c35,1f
0c36,fc
0c37,cf
0c38,0f
0c39,ff
0c3a,80
0c3b,83
0c3c,f8
0c3d,3e
0c3e,7f
0c3f,ff
0c40,8f
0c41,9f
0c42,1d
0c43,78
0c44,08
0c45,47
0c46,1f
0c47,c1
0c48,ff
0c49,ff
0c4a,e4
0c4b,e7
0c4c,fd
0c4d,ff
0c4e,ff
0c4f,f9
0c50,ff
0c51,32
0c52,0f
0c53,ff
0c54,80
0c55,7f
0c56,fe
0c57,1f
0c58,df
0c59,ff
0c5a,81
0c5b,8f
0c5c,f1
0c5d,3e
0c5e,7f
0c5f,ff
0c60,e3
0c61,cf
0c62,8d
0c63,70
0c64,80
0c65,e0
0c66,1c
0c67,09
0c68,ff
0c69,ff
0c6a,fd
0c6b,c7
0c6c,fd
0c6d,f3
0c6e,ff
0c6f,f9
0c70,fe
0c71,72
0c72,1f
0c73,ff
0c74,98
0c75,ff
0c76,ff
0c77,ff
0c78,df
0c79,ff
0c7a,00
0c7b,1f
0c7c,e2
0c7d,7e
0c7e,7f
0c7f,ff
0c80,f3
0c81,c7
0c82,c0
0c83,71
0c84,30
0c85,00
0c86,38
0c87,03
0c88,ff
0c89,ff
0c8a,ff
0c8b,af
0c8c,fb
0c8d,e7
0c8e,ff
0c8f,f9
0c90,fc
0c91,f4
0c92,0f
0c93,ff
0c94,18
0c95,ff
0c96,ff
0c97,fe
0c98,1f
0c99,fe
0c9a,00
0c9b,1f
0c9c,c4
0c9d,fc
0c9e,ff
0c9f,ff
0ca0,f3
0ca1,e7
0ca2,e0
0ca3,e0
0ca4,f0
0ca5,80
0ca6,02
0ca7,03
0ca8,ff
0ca9,ff
0caa,ff
0cab,2f
0cac,fb
0cad,cf
0cae,ff
0caf,f9
0cb0,f9
0cb1,e4
0cb2,0f
0cb3,ff
0cb4,30
0cb5,ff
0cb6,00
0cb7,00
0cb8,7f
0cb9,fc
0cba,00
0cbb,3f
0cbc,89
0cbd,fc
0cbe,ff
0cbf,ff
0cc0,f9
0cc1,f3
0cc2,f0
0cc3,f8
0cc4,e1
0cc5,06
0cc6,00
0cc7,c7
0cc8,ff
0cc9,ff
0cca,fe
0ccb,4f
0ccc,fb
0ccd,df
0cce,ff
0ccf,f8
0cd0,f3
0cd1,e4
0cd2,6f
0cd3,ff
0cd4,31
0cd5,e0
0cd6,00
0cd7,7f
0cd8,ff
0cd9,f8
0cda,40
0cdb,3f
0cdc,19
0cdd,f9
0cde,ff
0cdf,ff
0ce0,fc
0ce1,f9
0ce2,f0
0ce3,71
0ce4,c0
0ce5,06
0ce6,00
0ce7,07
0ce8,ef
0ce9,ff
0cea,fc
0ceb,df
0cec,f7
0ced,bf
0cee,ff
0cef,f8
0cf0,ff
0cf1,e4
0cf2,6f
0cf3,fc
0cf4,00
0cf5,0e
0cf6,02
0cf7,ff
0cf8,ff
0cf9,f0
0cfa,00
0cfb,7e
0cfc,33
0cfd,f1
0cfe,ff
0cff,ff
0d00,fe
0d01,7c
0d02,f8
0d03,38
0d04,00
0d05,84
0d06,23
0d07,07
0d08,8f
0d09,ff
0d0a,f9
0d0b,df
0d0c,f7
0d0d,3f
0d0e,ff
0d0f,f8
0d10,ff
0d11,e8
0d12,63
0d13,fc
0d14,00
0d15,3e
0d16,3e
0d17,ff
0d18,ff
0d19,e0
0d1a,08
0d1b,f8
0d1c,fb
0d1d,f1
0d1e,ff
0d1f,ff
0d20,ff
0d21,7e
0d22,7d
0d23,18
0d24,7f
0d25,f1
0d26,c0
0d27,63
0d28,3f
0d29,ff
0d2a,fb
0d2b,9f
0d2c,f7
0d2d,7f
0d2e,ff
0d2f,f8
0d30,ff
0d31,e8
0d32,f0
0d33,78
0d34,00
0d35,0c
0d36,1e
0d37,ff
0d38,ff
0d39,c0
0d3a,02
0d3b,61
0d3c,fb
0d3d,eb
0d3e,ff
0d3f,ff
0d40,ff
0d41,bf
0d42,3e
0d43,07
0d44,ff
0d45,ff
0d46,80
0d47,f0
0d48,7f
0d49,ff
0d4a,f7
0d4b,bf
0d4c,fe
0d4d,7f
0d4e,ff
0d4f,fc
0d50,ff
0d51,e8
0d52,fb
0d53,80
0d54,7f
0d55,2c
0d56,16
0d57,ff
0d58,ff
0d59,80
0d5a,04
0d5b,07
0d5c,e7
0d5d,cb
0d5e,ff
0d5f,ff
0d60,ff
0d61,9f
0d62,3e
0d63,03
0d64,ff
0d65,f8
0d66,5f
0d67,f1
0d68,ff
0d69,ff
0d6a,ef
0d6b,bf
0d6c,fe
0d6d,ff
0d6e,ff
0d6f,fc
0d70,ff
0d71,e0
0d72,fc
0d73,00
0d74,7e
0d75,00
0d76,12
0d77,ff
0d78,ff
0d79,83
0d7a,0c
0d7b,ff
0d7c,cf
0d7d,37
0d7e,ff
0d7f,ff
0d80,ff
0d81,cf
0d82,9f
0d83,03
0d84,fe
0d85,07
0d86,9f
0d87,f1
0d88,ff
0d89,ff
0d8a,cf
0d8b,3f
0d8c,f2
0d8d,7f
0d8e,ff
0d8f,fc
0d90,ff
0d91,f0
0d92,f8
0d93,7f
0d94,fe
0d95,00
0d96,1a
0d97,ff
0d98,ff
0d99,07
0d9a,4c
0d9b,7f
0d9c,9e
0d9d,77
0d9e,ff
0d9f,ff
0da0,ff
0da1,e7
0da2,df
0da3,81
0da4,fc
0da5,f8
0da6,3f
0da7,e0
0da8,ff
0da9,ff
0daa,9f
0dab,7f
0dac,0f
0dad,7f
0dae,ff
0daf,fd
0db0,ff
0db1,f0
0db2,03
0db3,ff
0db4,ff
0db5,24
0db6,1e
0db7,ff
0db8,ff
0db9,ff
0dba,9c
0dbb,7f
0dbc,3c
0dbd,ef
0dbe,ff
0dbf,ff
0dc0,ff
0dc1,f3
0dc2,ef
0dc3,f0
0dc4,f9
0dc5,ff
0dc6,0f
0dc7,cc
0dc8,7f
0dc9,ff
0dca,3f
0dcb,7e
0dcc,3f
0dcd,7f
0dce,ff
0dcf,fd
0dd0,ff
0dd1,f0
0dd2,3f
0dd3,ff
0dd4,ff
0dd5,2c
0dd6,1e
0dd7,ff
0dd8,ff
0dd9,f0
0dda,3e
0ddb,fe
0ddc,79
0ddd,cf
0dde,ff
0ddf,ff
0de0,ff
0de1,f9
0de2,e7
0de3,f8
0de4,79
0de5,fd
0de6,c0
0de7,9e
0de8,7f
0de9,ff
0dea,7e
0deb,f8
0dec,ff
0ded,9f
0dee,ff
0def,fd
0df0,ff
0df1,00
0df2,23
0df3,ff
0df4,ff
0df5,0e
0df6,3e
0df7,ff
0df8,ff
0df9,e0
0dfa,7e
0dfb,7d
0dfc,f3
0dfd,bf
0dfe,ff
0dff,ff
0e00,ff
0e01,fc
0e02,f3
0e03,fc
0e04,38
0e05,38
0e06,00
0e07,3f
0e08,3f
0e09,fe
0e0a,fe
0e0b,f3
0e0c,ff
0e0d,cf
0e0e,ff
0e0f,fd
0e10,f0
0e11,7c
0e12,00
0e13,7f
0e14,ff
0e15,0c
0e16,3e
0e17,ff
0e18,ff
0e19,e0
0e1a,ff
0e1b,00
0e1c,e7
0e1d,7f
0e1e,ff
0e1f,ff
0e20,ff
0e21,fe
0e22,fb
0e23,fc
0e24,00
0e25,72
0e26,fe
0e27,7f
0e28,9f
0e29,fd
0e2a,fe
0e2b,e7
0e2c,ff
0e2d,e1
0e2e,ff
0e2f,fd
0e30,87
0e31,ff
0e32,00
0e33,3f
0e34,ff
0e35,80
0e36,3e
0e37,ff
0e38,fb
0e39,e0
0e3a,ff
0e3b,c1
0e3c,ce
0e3d,ff
0e3e,ff
0e3f,ff
0e40,ff
0e41,ff
0e42,fd
0e43,fe
0e44,1b
0e45,f0
0e46,7e
0e47,7f
0e48,c7
0e49,fb
0e4a,fd
0e4b,cf
0e4c,ff
0e4d,fc
0e4e,1f
0e4f,fc
0e50,7f
0e51,ff
0e52,e0
0e53,1f
0e54,b3
0e55,18
0e56,3e
0e57,ff
0e58,ff
0e59,c0
0e5a,ff
0e5b,cf
0e5c,9d
0e5d,ff
0e5e,ff
0e5f,ff
0e60,ff
0e61,ff
0e62,fe
0e63,ff
0e64,03
0e65,f0
0e66,03
0e67,ff
0e68,c3
0e69,f7
0e6a,fd
0e6b,ff
0e6c,ff
0e6d,fc
0e6e,0f
0e6f,fc
0e70,ff
0e71,ff
0e72,ff
0e73,80
0e74,20
0e75,30
0e76,3e
0e77,ff
0e78,ff
0e79,c1
0e7a,ff
0e7b,9f
0e7c,39
0e7d,ff
0e7e,ff
0e7f,ff
0e80,ff
0e81,ff
0e82,fe
0e83,7f
0e84,83
0e85,89
0e86,e0
0e87,1f
0e88,e0
0e89,e7
0e8a,f9
0e8b,ff
0e8c,ff
0e8d,e1
0e8e,df
0e8f,ff
0e90,ff
0e91,ff
0e92,ff
0e93,e0
0e94,00
0e95,30
0e96,7e
0e97,ff
0e98,e7
0e99,c1
0e9a,ff
0e9b,3e
0e9c,73
0e9d,ff
0e9e,ff
0e9f,ff
0ea0,ff
0ea1,ff
0ea2,ff
0ea3,3f
0ea4,c0
0ea5,04
0ea6,ff
0ea7,03
0ea8,f3
0ea9,0f
0eaa,f9
0eab,ff
0eac,ff
0ead,8f
0eae,ff
0eaf,ff
0eb0,ff
0eb1,ff
0eb2,ff
0eb3,ff
0eb4,00
0eb5,70
0eb6,78
0eb7,ff
0eb8,83
0eb9,c0
0eba,46
0ebb,7c
0ebc,e7
0ebd,ff
0ebe,ff
0ebf,ff
0ec0,ff
0ec1,ff
0ec2,ff
0ec3,bf
0ec4,e1
0ec5,f8
0ec6,7f
0ec7,f8
0ec8,f9
0ec9,81
0eca,fb
0ecb,ff
0ecc,fc
0ecd,3f
0ece,ff
0ecf,ff
0ed0,ff
0ed1,ff
0ed2,ff
0ed3,ff
0ed4,ff
0ed5,f8
0ed6,03
0ed7,f8
0ed8,03
0ed9,80
0eda,04
0edb,f9
0edc,df
0edd,ff
0ede,ff
0edf,ff
0ee0,ff
0ee1,ff
0ee2,ff
0ee3,df
0ee4,c0
0ee5,fc
0ee6,7f
0ee7,ff
0ee8,cc
0ee9,b8
0eea,13
0eeb,ff
0eec,f1
0eed,ff
0eee,ff
0eef,ff
0ef0,ff
0ef1,ff
0ef2,ff
0ef3,ff
0ef4,ff
0ef5,ff
0ef6,ff
0ef7,f0
0ef8,00
0ef9,01
0efa,21
0efb,f3
0efc,bf
0efd,ff
0efe,ff
0eff,ff
0f00,ff
0f01,ff
0f02,ff
0f03,ef
0f04,38
0f05,7c
0f06,7f
0f07,ff
0f08,ce
0f09,01
0f0a,c3
0f0b,ff
0f0c,c7
0f0d,ff
0f0e,ff
0f0f,ff
0f10,ff
0f11,ff
0f12,ff
0f13,ff
0f14,ff
0f15,ff
0f16,ff
0f17,ec
0f18,f8
0f19,00
0f1a,07
0f1b,e7
0f1c,7f
0f1d,ff
0f1e,ff
0f1f,ff
0f20,ff
0f21,ff
0f22,ff
0f23,e4
0f24,fc
0f25,3c
0f26,3f
0f27,ff
0f28,8c
0f29,07
0f2a,e7
0f2b,fe
0f2c,3f
0f2d,ff
0f2e,ff
0f2f,ff
0f30,ff
0f31,ff
0f32,ff
0f33,ff
0f34,ff
0f35,ff
0f36,ff
0f37,d9
0f38,f0
0f39,0f
0f3a,83
0f3b,ce
0f3c,ff
0f3d,ff
0f3e,ff
0f3f,ff
0f40,ff
0f41,ff
0f42,ff
0f43,f1
0f44,fc
0f45,0e
0f46,1f
0f47,3f
0f48,81
0f49,8f
0f4a,c7
0f4b,f8
0f4c,ff
0f4d,ff
0f4e,ff
0f4f,ff
0f50,ff
0f51,ff
0f52,ff
0f53,ff
0f54,ff
0f55,ff
0f56,ff
0f57,9b
0f58,c6
0f59,0f
0f5a,d3
0f5b,1d
0f5c,ff
0f5d,ff
0f5e,ff
0f5f,ff
0f60,ff
0f61,ff
0f62,ff
0f63,e1
0f64,fe
0f65,00
0f66,00
0f67,7e
0f68,1e
0f69,33
0f6a,cf
0f6b,f3
0f6c,ff
0f6d,ff
0f6e,ff
0f6f,ff
0f70,ff
0f71,ff
0f72,ff
0f73,ff
0f74,ff
0f75,ff
0f76,ff
0f77,b8
0f78,1e
0f79,0f
0f7a,bc
0f7b,3b
0f7c,ff
0f7d,ff
0f7e,ff
0f7f,ff
0f80,ff
0f81,ff
0f82,ff
0f83,cc
0f84,fe
0f85,1c
0f86,07
0f87,fe
0f88,3c
0f89,f8
0f8a,bf
0f8b,e7
0f8c,ff
0f8d,ff
0f8e,ff
0f8f,ff
0f90,ff
0f91,ff
0f92,ff
0f93,ff
0f94,ff
0f95,ff
0f96,ff
0f97,38
0f98,7e
0f99,1f
0f9a,78
0f9b,f7
0f9c,ff
0f9d,ff
0f9e,ff
0f9f,ff
0fa0,ff
0fa1,ff
0fa2,ff
0fa3,9e
0fa4,7f
0fa5,0f
0fa6,03
0fa7,fc
0fa8,73
0fa9,fe
0faa,3f
0fab,9f
0fac,ff
0fad,ff
0fae,ff
0faf,ff
0fb0,ff
0fb1,ff
0fb2,ff
0fb3,ff
0fb4,ff
0fb5,ff
0fb6,ff
0fb7,7f
0fb8,80
0fb9,1e
0fba,e1
0fbb,ef
0fbc,ff
0fbd,ff
0fbe,ff
0fbf,ff
0fc0,ff
0fc1,ff
0fc2,ff
0fc3,ff
0fc4,3f
0fc5,83
0fc6,f0
0fc7,f8
0fc8,c7
0fc9,fe
0fca,06
0fcb,3f
0fcc,ff
0fcd,ff
0fce,ff
0fcf,ff
0fd0,ff
0fd1,ff
0fd2,ff
0fd3,ff
0fd4,ff
0fd5,ff
0fd6,ff
0fd7,7f
0fd8,bf
0fd9,19
0fda,c3
0fdb,cf
0fdc,ff
0fdd,ff
0fde,ff
0fdf,ff
0fe0,ff
0fe1,ff
0fe2,ff
0fe3,ff
0fe4,9f
0fe5,80
0fe6,3c
0fe7,03
0fe8,9f
0fe9,fe
0fea,00
0feb,ff
0fec,ff
0fed,ff
0fee,ff
0fef,ff
0ff0,ff
0ff1,ff
0ff2,ff
0ff3,ff
0ff4,ff
0ff5,ff
0ff6,ff
0ff7,7f
0ff8,ff
0ff9,82
0ffa,0f
0ffb,8f
0ffc,ff
0ffd,ff
0ffe,ff
0fff,ff
1000,ff
1001,ff
1002,ff
1003,ff
1004,cf
1005,c3
1006,00
1007,00
1008,3f
1009,fc
100a,83
100b,ff
100c,ff
100d,ff
100e,ff
100f,ff
1010,ff
1011,ff
1012,ff
1013,ff
1014,ff
1015,fe
1016,ff
1017,33
1018,ff
1019,c0
101a,1f
101b,9f
101c,ff
101d,ff
101e,ff
101f,ff
1020,ff
1021,ff
1022,ff
1023,ff
1024,e7
1025,e1
1026,f8
1027,00
1028,ff
1029,f9
102a,ff
102b,ff
102c,ff
102d,ff
102e,ff
102f,ff
1030,ff
1031,ff
1032,ff
1033,ff
1034,ff
1035,ff
1036,fe
1037,03
1038,fc
1039,00
103a,3f
103b,3f
103c,ff
103d,ff
103e,ff
103f,ff
1040,ff
1041,ff
1042,ff
1043,ff
1044,f3
1045,f1
1046,ff
1047,c0
1048,ff
1049,fb
104a,ff
104b,ff
104c,ff
104d,ff
104e,ff
104f,ff
1050,ff
1051,ff
1052,ff
1053,ff
1054,ff
1055,ff
1056,ff
1057,00
1058,00
1059,00
105a,fc
105b,60
105c,1f
105d,ff
105e,ff
105f,ff
1060,ff
1061,ff
1062,ff
1063,ff
1064,f9
1065,f8
1066,7f
1067,81
1068,ff
1069,ff
106a,ff
106b,ff
106c,ff
106d,ff
106e,ff
106f,ff
1070,ff
1071,ff
1072,ff
1073,ff
1074,ff
1075,ff
1076,ff
1077,80
1078,3f
1079,00
107a,f0
107b,00
107c,00
107d,00
107e,00
107f,7f
1080,ff
1081,ff
1082,ff
1083,ff
1084,fc
1085,fc
1086,3f
1087,0b
1088,ff
1089,ff
108a,ff
108b,ff
108c,ff
108d,ff
108e,ff
108f,ff
1090,ff
1091,ff
1092,ff
1093,ff
1094,ff
1095,ff
1096,ff
1097,c0
1098,00
1099,00
109a,00
109b,00
109c,00
109d,00
109e,00
109f,1f
10a0,ff
10a1,ff
10a2,ff
10a3,ff
10a4,fe
10a5,7e
10a6,1c
10a7,17
10a8,ff
10a9,ff
10aa,ff
10ab,ff
10ac,ff
10ad,ff
10ae,ff
10af,ff
10b0,ff
10b1,ff
10b2,ff
10b3,ff
10b4,ff
10b5,ff
10b6,ff
10b7,cf
10b8,08
10b9,00
10ba,00
10bb,00
10bc,00
10bd,00
10be,00
10bf,0f
10c0,ff
10c1,ff
10c2,ff
10c3,ff
10c4,ff
10c5,3f
10c6,08
10c7,27
10c8,ff
10c9,ff
10ca,ff
10cb,ff
10cc,ff
10cd,ff
10ce,ff
10cf,ff
10d0,ff
10d1,ff
10d2,ff
10d3,ff
10d4,ff
10d5,ff
10d6,ff
10d7,e0
10d8,00
10d9,00
10da,00
10db,00
10dc,00
10dd,00
10de,00
10df,0f
10e0,ff
10e1,ff
10e2,ff
10e3,ff
10e4,ff
10e5,8f
10e6,80
10e7,6f
10e8,ff
10e9,ff
10ea,ff
10eb,ff
10ec,ff
10ed,ff
10ee,ff
10ef,ff
10f0,ff
10f1,ff
10f2,ff
10f3,ff
10f4,ff
10f5,ff
10f6,ff
10f7,ff
10f8,f8
10f9,00
10fa,00
10fb,00
10fc,00
10fd,00
10fe,00
10ff,1f
1100,ff
1101,ff
1102,ff
1103,ff
1104,ff
1105,c3
1106,c0
1107,5f
1108,ff
1109,ff
110a,ff
110b,ff
110c,ff
110d,ff
110e,ff
110f,ff
1110,ff
1111,ff
1112,ff
1113,ff
1114,ff
1115,ff
1116,ff
1117,ff
1118,ff
1119,80
111a,00
111b,00
111c,00
111d,00
111e,00
111f,3f
1120,ff
1121,ff
1122,ff
1123,ff
1124,ff
1125,e1
1126,80
1127,1f
1128,ff
1129,ff
112a,ff
112b,ff
112c,ff
112d,ff
112e,ff
112f,ff
1130,ff
1131,ff
1132,ff
1133,ff
1134,ff
1135,ff
1136,ff
1137,ff
1138,ff
1139,80
113a,00
113b,00
113c,00
113d,00
113e,0f
113f,ff
1140,ff
1141,ff
1142,ff
1143,00
1144,0f
1145,f0
1146,06
1147,3f
1148,ff
1149,ff
114a,ff
114b,ff
114c,ff
114d,ff
114e,ff
114f,ff
1150,ff
1151,ff
1152,ff
1153,ff
1154,ff
1155,ff
1156,ff
1157,ff
1158,ff
1159,ff
115a,ff
115b,ff
115c,ff
115d,ff
115e,ff
115f,ff
1160,ff
1161,ff
1162,00
1163,00
1164,00
1165,01
1166,03
1167,7f
1168,ff
1169,ff
116a,ff
116b,ff
116c,ff
116d,ff
116e,ff
116f,ff
1170,ff
1171,ff
1172,ff
1173,ff
1174,ff
1175,ff
1176,ff
1177,ff
1178,ff
1179,ff
117a,ff
117b,ff
117c,ff
117d,ff
117e,ff
117f,ff
1180,ff
1181,80
1182,00
1183,00
1184,00
1185,00
1186,00
1187,7f
1188,ff
1189,ff
118a,ff
118b,ff
118c,ff
118d,ff
118e,ff
118f,ff
1190,ff
1191,ff
1192,ff
1193,ff
1194,ff
1195,ff
1196,ff
1197,ff
1198,ff
1199,ff
119a,ff
119b,ff
119c,ff
119d,ff
119e,ff
119f,ff
11a0,ff
11a1,80
11a2,00
11a3,00
11a4,00
11a5,00
11a6,00
11a7,07
11a8,ff
11a9,ff
11aa,ff
11ab,ff
11ac,ff
11ad,ff
11ae,ff
11af,ff
11b0,ff
11b1,ff
11b2,ff
11b3,ff
11b4,ff
11b5,ff
11b6,ff
11b7,ff
11b8,ff
11b9,ff
11ba,ff
11bb,ff
11bc,ff
11bd,ff
11be,ff
11bf,ff
11c0,ff
11c1,00
11c2,00
11c3,00
11c4,00
11c5,00
11c6,00
11c7,00
11c8,ff
11c9,ff
11ca,ff
11cb,ff
11cc,ff
11cd,ff
11ce,ff
11cf,ff
11d0,ff
11d1,ff
11d2,ff
11d3,ff
11d4,ff
11d5,ff
11d6,ff
11d7,ff
11d8,ff
11d9,ff
11da,ff
11db,ff
11dc,ff
11dd,ff
11de,ff
11df,ff
11e0,fe
11e1,00
11e2,00
11e3,00
11e4,00
11e5,00
11e6,00
11e7,00
11e8,ff
11e9,ff
11ea,ff
11eb,ff
11ec,ff
11ed,ff
11ee,ff
11ef,ff
11f0,ff
11f1,ff
11f2,ff
11f3,ff
11f4,ff
11f5,ff
11f6,ff
11f7,ff
11f8,ff
11f9,ff
11fa,ff
11fb,ff
11fc,ff
11fd,ff
11fe,ff
11ff,ff
1200,fe
1201,1f
1202,ff
1203,c0
1204,00
1205,00
1206,00
1207,01
1208,ff
1209,ff
120a,ff
120b,ff
120c,ff
120d,ff
120e,ff
120f,ff
1210,ff
1211,ff
1212,ff
1213,ff
1214,ff
1215,ff
1216,ff
1217,ff
1218,ff
1219,ff
121a,ff
121b,ff
121c,ff
121d,ff
121e,ff
121f,ff
1220,ff
1221,ff
1222,ff
1223,ff
1224,ff
1225,ff
1226,e7
1227,ff
1228,ff
1229,ff
122a,ff
122b,ff
122c,ff
122d,ff
122e,ff
122f,ff
1230,ff
1231,ff
1232,ff
1233,ff
1234,ff
1235,ff
1236,ff
1237,ff
1238,ff
1239,ff
123a,ff
123b,ff
123c,ff
123d,ff
123e,ff
123f,ff
1240,ff
1241,ff
1242,ff
1243,ff
1244,ff
1245,ff
1246,f7
1247,ff
1248,ff
1249,ff
124a,ff
124b,ff
124c,ff
124d,ff
124e,ff
124f,ff
1250,ff
1251,ff
1252,ff
1253,ff
1254,ff
1255,ff
1256,ff
1257,ff
1258,ff
1259,ff
125a,ff
125b,ff
125c,ff
125d,ff
125e,ff
125f,ff
1260,ff
1261,ff
1262,ff
1263,ff
1264,ff
1265,ff
1266,fb
1267,ff
1268,ff
1269,ff
126a,ff
126b,ff
126c,ff
126d,ff
126e,ff
126f,ff
1270,ff
1271,ff
1272,ff
1273,ff
1274,ff
1275,ff
1276,ff
1277,ff
1278,ff
1279,ff
127a,ff
127b,ff
127c,ff
127d,ff
127e,ff
127f,ff
1280,ff
1281,ff
1282,ff
1283,ff
1284,ff
1285,ff
1286,f9
1287,ff
1288,ff
1289,ff
128a,ff
128b,ff
128c,ff
128d,ff
128e,ff
128f,ff
1290,ff
1291,ff
1292,ff
1293,ff
1294,ff
1295,ff
1296,ff
1297,ff
1298,ff
1299,ff
129a,ff
129b,ff
129c,ff
129d,ff
129e,ff
129f,ff
12a0,ff
12a1,ff
12a2,ff
12a3,ff
12a4,ff
12a5,ff
12a6,fc
12a7,7f
12a8,ff
12a9,ff
12aa,ff
12ab,ff
12ac,ff
12ad,ff
12ae,ff
12af,ff
12b0,ff
12b1,ff
12b2,ff
12b3,ff
12b4,ff
12b5,ff
12b6,ff
12b7,ff
12b8,ff
12b9,ff
12ba,ff
12bb,ff
12bc,ff
12bd,ff
12be,ff
12bf,ff
12c0,ff
12c1,ff
12c2,ff
12c3,ff
12c4,ff
12c5,ff
12c6,ff
12c7,ff
12c8,ff
12c9,ff
12ca,ff
12cb,ff
12cc,ff
12cd,ff
12ce,ff
12cf,ff
12d0,ff
12d1,ff
12d2,ff
12d3,ff
12d4,ff
12d5,ff
12d6,ff
12d7,ff
12d8,ff
12d9,ff
12da,ff
12db,ff
12dc,ff
12dd,ff
12de,ff
12df,ff
12e0,ff
12e1,ff
12e2,ff
12e3,ff
12e4,ff
12e5,ff
12e6,ff
12e7,ff
12e8,ff
12e9,ff
12ea,ff
12eb,ff
12ec,ff
12ed,ff
12ee,ff
12ef,ff
12f0,ff
12f1,ff
12f2,ff
12f3,ff
12f4,ff
12f5,ff
12f6,ff
12f7,ff
12f8,ff
12f9,ff
12fa,ff
12fb,ff
12fc,ff
12fd,ff
12fe,ff
12ff,ff
1300,ff
1301,ff
1302,ff
1303,ff
1304,ff
1305,ff
1306,ff
1307,ff
1308,ff
1309,ff
130a,ff
130b,ff
130c,ff
130d,ff
130e,ff
130f,ff
1310,ff
1311,ff
1312,ff
1313,ff
1314,ff
1315,ff
1316,ff
1317,ff
1318,ff
1319,ff
131a,ff
131b,ff
131c,ff
131d,ff
131e,ff
131f,ff
1320,ff
1321,ff
1322,ff
1323,ff
1324,ff
1325,ff
1326,ff
1327,ff
1328,ff
1329,ff
132a,ff
132b,ff
132c,ff
132d,ff
132e,ff
132f,ff
1330,ff
1331,ff
1332,ff
1333,ff
1334,ff
1335,ff
1336,ff
1337,ff
1338,ff
1339,ff
133a,ff
133b,ff
133c,ff
133d,ff
133e,ff
133f,ff
1340,ff
1341,ff
1342,ff
1343,ff
1344,ff
1345,ff
1346,ff
1347,ff
1348,ff
1349,ff
134a,ff
134b,ff
134c,ff
134d,ff
134e,ff
134f,ff
1350,ff
1351,ff
1352,ff
1353,ff
1354,ff
1355,ff
1356,ff
1357,ff
1358,ff
1359,ff
135a,ff
135b,ff
135c,ff
135d,ff
135e,ff
135f,ff
1360,ff
1361,ff
1362,ff
1363,ff
1364,ff
1365,ff
1366,ff
1367,ff
1368,ff
1369,ff
136a,ff
136b,ff
136c,ff
136d,ff
136e,ff
136f,ff
1370,ff
1371,ff
1372,ff
1373,ff
1374,ff
1375,ff
1376,ff
1377,ff
1378,ff
1379,ff
137a,ff
137b,ff
137c,ff
137d,ff
137e,ff
137f,ff
1380,80
1381,13
1382,00
1383,00
1384,84
1385,00
1386,00
1387,00
1388,13
1389,00
138a,00
138b,00
138c,00
138d,00
138e,00
138f,00
1390,78
1391,d6
1392,da
1393,76
1394,00
1395,20
1396,ed
1397,76
1398,c4
1399,47
139a,80
139b,7e
139c,01
139d,00
139e,00
139f,00
13a0,e4
13a1,07
13a2,01
13a3,00
13a4,f0
13a5,fc
13a6,f2
13a7,76
13a8,10
13a9,47
13aa,80
13ab,7e
13ac,af
13ad,77
13ae,84
13af,7a
13b0,eb
13b1,e7
13b2,de
13b3,72
13b4,0c
13b5,29
13b6,01
13b7,00
13b8,00
13b9,00
13ba,00
13bb,00
13bc,bc
13bd,06
13be,01
13bf,00
13c0,00
13c1,00
13c2,00
13c3,00
13c4,00
13c5,00
13c6,00
13c7,00
13c8,00
13c9,00
13ca,00
13cb,00
13cc,00
13cd,00
13ce,f3
13cf,76
13d0,00
13d1,00
13d2,00
13d3,00
13d4,00
13d5,00
13d6,00
13d7,00
13d8,00
13d9,00
13da,00
13db,00
13dc,00
13dd,00
13de,00
13df,00
13e0,00
13e1,00
13e2,00
13e3,00
13e4,00
13e5,00
13e6,00
13e7,00
13e8,00
13e9,00
13ea,00
13eb,00
13ec,00
13ed,00
13ee,00
13ef,00
13f0,00
13f1,00
13f2,00
13f3,00
13f4,00
13f5,00
13f6,00
13f7,00
13f8,00
13f9,00
13fa,00
13fb,00
13fc,00
13fd,00
13fe,00
13ff,00
1400,b8
1401,6a
1402,67
1403,1d
1404,08
1405,0e
1406,4c
1407,2b
1408,84
1409,1c
140a,40
140b,4d
140c,16
140d,c1
140e,b0
140f,80
1410,48
1411,ca
1412,3d
1413,b3
1414,53
1415,7e
1416,24
1417,b0
1418,90
1419,4c
141a,a4
141b,01
141c,91
141d,63
141e,02
141f,09
1420,0f
1421,29
1422,05
1423,cc
1424,e0
1425,71
1426,ca
1427,24
1428,81
1429,d0
142a,81
142b,9d
142c,04
142d,c2
142e,20
142f,ac
1430,43
1431,8d
1432,85
1433,dc
1434,00
1435,60
1436,00
1437,d8
1438,04
1439,94
143a,02
143b,51
143c,98
143d,92
143e,29
143f,9d
1440,cd
1441,cf
1442,c6
1443,63
1444,14
1445,c5
1446,83
1447,61
1448,02
1449,08
144a,08
144b,c3
144c,2c
144d,44
144e,e1
144f,2e
1450,0c
1451,3a
1452,ad
1453,4e
1454,30
1455,29
1456,c2
1457,db
1458,06
1459,00
145a,10
145b,db
145c,88
145d,d9
145e,08
145f,07
1460,04
1461,fe
1462,40
1463,0b
1464,02
1465,29
1466,00
1467,b1
1468,15
1469,a1
146a,07
146b,87
146c,c4
146d,04
146e,80
146f,0d
1470,46
1471,3c
1472,80
1473,0e
1474,3c
1475,23
1476,59
1477,82
1478,14
1479,03
147a,38
147b,77
147c,86
147d,38
147e,64
147f,bf
1480,b3
1481,c0
1482,07
1483,78
1484,42
1485,53
1486,10
1487,d0
1488,06
1489,17
148a,52
148b,b9
148c,10
148d,38
148e,08
148f,74
1490,10
1491,e8
1492,38
1493,32
1494,00
1495,84
1496,81
1497,0b
1498,09
1499,2c
149a,01
149b,4f
149c,b0
149d,ae
149e,82
149f,21
14a0,06
14a1,40
14a2,c1
14a3,70
14a4,21
14a5,e5
14a6,05
14a7,a4
14a8,02
14a9,b2
14aa,58
14ab,1d
14ac,12
14ad,f2
14ae,0c
14af,20
14b0,12
14b1,91
14b2,0a
14b3,cd
14b4,8c
14b5,09
14b6,01
14b7,13
14b8,80
14b9,40
14ba,d0
14bb,14
14bc,00
14bd,e3
14be,30
14bf,da
14c0,91
14c1,75
14c2,00
14c3,49
14c4,55
14c5,1f
14c6,03
14c7,07
14c8,66
14c9,27
14ca,2c
14cb,10
14cc,09
14cd,3b
14ce,04
14cf,7f
14d0,6c
14d1,db
14d2,80
14d3,21
14d4,e1
14d5,8e
14d6,90
14d7,0f
14d8,22
14d9,04
14da,10
14db,45
14dc,20
14dd,27
14de,98
14df,24
14e0,02
14e1,0f
14e2,11
14e3,88
14e4,01
14e5,59
14e6,94
14e7,de
14e8,90
14e9,56
14ea,b5
14eb,05
14ec,01
14ed,23
14ee,06
14ef,38
14f0,10
14f1,ca
14f2,80
14f3,3b
14f4,80
14f5,ba
14f6,80
14f7,bf
14f8,40
14f9,35
14fa,1e
14fb,90
14fc,55
14fd,59
14fe,30
14ff,38
1500,20
1501,93
1502,14
1503,39
1504,22
1505,c9
1506,c4
1507,16
1508,25
1509,21
150a,03
150b,26
150c,10
150d,23
150e,40
150f,b2
1510,0e
1511,b5
1512,01
1513,c8
1514,30
1515,63
1516,02
1517,e0
1518,d8
1519,b0
151a,00
151b,fb
151c,00
151d,51
151e,8d
151f,13
1520,6f
1521,10
1522,09
1523,6d
1524,a0
1525,30
1526,49
1527,ec
1528,5d
1529,23
152a,14
152b,31
152c,80
152d,70
152e,a0
152f,8a
1530,87
1531,64
1532,81
1533,4e
1534,18
1535,85
1536,46
1537,18
1538,13
1539,e4
153a,04
153b,a1
153c,41
153d,76
153e,48
153f,4e
1540,5d
1541,0a
1542,10
1543,48
1544,60
1545,a8
1546,80
1547,98
1548,57
1549,73
154a,98
154b,ee
154c,64
154d,87
154e,35
154f,24
1550,8a
1551,24
1552,c0
1553,53
1554,01
1555,9a
1556,69
1557,3c
1558,50
1559,00
155a,45
155b,4e
155c,04
155d,a9
155e,90
155f,9e
1560,ca
1561,17
1562,12
1563,32
1564,3c
1565,34
1566,21
1567,92
1568,2b
1569,03
156a,f4
156b,38
156c,85
156d,46
156e,44
156f,22
1570,85
1571,00
1572,08
1573,33
1574,41
1575,4a
1576,83
1577,c6
1578,c4
1579,33
157a,2c
157b,c0
157c,30
157d,80
157e,90
157f,8a
1580,82
1581,db
1582,88
1583,ec
1584,14
1585,7f
1586,00
1587,85
1588,80
1589,03
158a,00
158b,9e
158c,00
158d,c9
158e,39
158f,45
1590,81
1591,51
1592,57
1593,dc
1594,42
1595,1b
1596,1c
1597,18
1598,45
1599,06
159a,04
159b,97
159c,80
159d,f3
159e,01
159f,13
15a0,4c
15a1,1f
15a2,78
15a3,26
15a4,02
15a5,c4
15a6,0a
15a7,70
15a8,04
15a9,04
15aa,0a
15ab,ba
15ac,30
15ad,4e
15ae,42
15af,6e
15b0,30
15b1,17
15b2,13
15b3,84
15b4,69
15b5,b2
15b6,00
15b7,31
15b8,23
15b9,bb
15ba,41
15bb,29
15bc,12
15bd,48
15be,11
15bf,c0
15c0,5d
15c1,a2
15c2,00
15c3,43
15c4,44
15c5,ce
15c6,85
15c7,66
15c8,09
15c9,66
15ca,75
15cb,e2
15cc,01
15cd,c4
15ce,00
15cf,42
15d0,c1
15d1,1c
15d2,81
15d3,45
15d4,20
15d5,df
15d6,52
15d7,26
15d8,8a
15d9,8b
15da,63
15db,03
15dc,01
15dd,12
15de,42
15df,85
15e0,42
15e1,92
15e2,ae
15e3,f0
15e4,01
15e5,bd
15e6,a0
15e7,84
15e8,09
15e9,2f
15ea,04
15eb,c0
15ec,02
15ed,de
15ee,50
15ef,21
15f0,01
15f1,46
15f2,81
15f3,46
15f4,12
15f5,a7
15f6,61
15f7,34
15f8,a0
15f9,0a
15fa,12
15fb,30
15fc,11
15fd,95
15fe,90
15ff,ba
1600,3a
1601,03
1602,06
1603,40
1604,08
1605,9d
1606,80
1607,b9
1608,9d
1609,5f
160a,50
160b,a8
160c,a5
160d,52
160e,1a
160f,01
1610,00
1611,4e
1612,28
1613,78
1614,7d
1615,3c
1616,04
1617,3a
1618,28
1619,d9
161a,54
161b,06
161c,a8
161d,7d
161e,d2
161f,c9
1620,a3
1621,8e
1622,1a
1623,81
1624,82
1625,87
1626,0e
1627,16
1628,09
1629,9f
162a,8b
162b,a1
162c,58
162d,c4
162e,08
162f,c1
1630,44
1631,b4
1632,22
1633,98
1634,b8
1635,30
1636,2b
1637,00
1638,14
1639,73
163a,6a
163b,18
163c,39
163d,48
163e,13
163f,89
1640,0b
1641,8b
1642,06
1643,c0
1644,0c
1645,06
1646,1f
1647,44
1648,20
1649,20
164a,46
164b,60
164c,0b
164d,29
164e,41
164f,47
1650,d0
1651,22
1652,00
1653,47
1654,30
1655,55
1656,49
1657,40
1658,50
1659,2d
165a,64
165b,39
165c,1c
165d,82
165e,03
165f,13
1660,02
1661,5f
1662,50
1663,36
1664,80
1665,06
1666,44
1667,40
1668,02
1669,51
166a,00
166b,20
166c,48
166d,c8
166e,08
166f,f5
1670,20
1671,a9
1672,81
1673,a6
1674,00
1675,57
1676,20
1677,61
1678,40
1679,61
167a,45
167b,90
167c,e8
167d,80
167e,c2
167f,11
1680,e0
1681,67
1682,30
1683,18
1684,3b
1685,ea
1686,e0
1687,9c
1688,12
1689,50
168a,00
168b,9c
168c,81
168d,8c
168e,a0
168f,10
1690,59
1691,5c
1692,11
1693,01
1694,20
1695,29
1696,40
1697,40
1698,01
1699,0c
169a,0b
169b,14
169c,83
169d,cb
169e,54
169f,b3
16a0,29
16a1,17
16a2,a2
16a3,6c
16a4,4d
16a5,27
16a6,01
16a7,40
16a8,8a
16a9,db
16aa,40
16ab,bf
16ac,00
16ad,08
16ae,c0
16af,08
16b0,10
16b1,04
16b2,d4
16b3,b5
16b4,b0
16b5,d3
16b6,22
16b7,30
16b8,21
16b9,d9
16ba,81
16bb,7c
16bc,48
16bd,c9
16be,00
16bf,05
16c0,2e
16c1,ce
16c2,08
16c3,84
16c4,f8
16c5,46
16c6,87
16c7,bd
16c8,93
16c9,3b
16ca,07
16cb,03
16cc,63
16cd,2b
16ce,b8
16cf,00
16d0,83
16d1,d7
16d2,4c
16d3,f5
16d4,41
16d5,12
16d6,49
16d7,30
16d8,85
16d9,28
16da,69
16db,95
16dc,00
16dd,22
16de,01
16df,83
16e0,63
16e1,dc
16e2,06
16e3,28
16e4,c0
16e5,62
16e6,11
16e7,18
16e8,1e
16e9,1f
16ea,00
16eb,18
16ec,20
16ed,83
16ee,50
16ef,0e
16f0,e0
16f1,c3
16f2,a0
16f3,17
16f4,24
16f5,64
16f6,22
16f7,28
16f8,20
16f9,80
16fa,2a
16fb,65
16fc,40
16fd,0a
16fe,22
16ff,c9
1700,72
1701,da
1702,29
1703,15
1704,08
1705,2f
1706,81
1707,00
1708,c4
1709,c7
170a,64
170b,da
170c,40
170d,2d
170e,e4
170f,08
1710,80
1711,f8
1712,3a
1713,6f
1714,7f
1715,f0
1716,09
1717,50
1718,80
1719,16
171a,1d
171b,bc
171c,00
171d,8b
171e,44
171f,14
1720,16
1721,a2
1722,10
1723,cc
1724,85
1725,1e
1726,48
1727,42
1728,82
1729,14
172a,04
172b,fa
172c,8c
172d,03
172e,04
172f,ae
1730,02
1731,28
1732,80
1733,c3
1734,2c
1735,fd
1736,98
1737,90
1738,40
1739,31
173a,00
173b,b8
173c,20
173d,f0
173e,50
173f,a4
1740,43
1741,d6
1742,99
1743,18
1744,53
1745,15
1746,55
1747,c9
1748,20
1749,0a
174a,64
174b,af
174c,04
174d,b6
174e,c6
174f,5c
1750,81
1751,aa
1752,01
1753,24
1754,03
1755,87
1756,00
1757,1a
1758,47
1759,63
175a,00
175b,95
175c,49
175d,5d
175e,c6
175f,7c
1760,10
1761,52
1762,40
1763,77
1764,30
1765,8c
1766,03
1767,59
1768,10
1769,4a
176a,c0
176b,f3
176c,d0
176d,92
176e,62
176f,08
1770,49
1771,a6
1772,20
1773,f0
1774,01
1775,47
1776,82
1777,c8
1778,46
1779,8d
177a,38
177b,5b
177c,38
177d,1f
177e,24
177f,8d
1780,4a
1781,f4
1782,10
1783,c0
1784,00
1785,4f
1786,36
1787,0c
1788,3c
1789,8a
178a,21
178b,a4
178c,80
178d,b9
178e,30
178f,04
1790,65
1791,c4
1792,10
1793,48
1794,ca
1795,26
1796,09
1797,a4
1798,48
1799,c2
179a,99
179b,59
179c,22
179d,21
179e,00
179f,45
17a0,59
17a1,96
17a2,00
17a3,57
17a4,d0
17a5,46
17a6,24
17a7,29
17a8,bd
17a9,83
17aa,c0
17ab,06
17ac,21
17ad,c4
17ae,10
17af,ca
17b0,80
17b1,3c
17b2,63
17b3,35
17b4,00
17b5,cc
17b6,08
17b7,00
17b8,34
17b9,16
17ba,1e
17bb,3e
17bc,2c
17bd,90
17be,00
17bf,01
17c0,62
17c1,7a
17c2,02
17c3,c1
17c4,82
17c5,cc
17c6,06
17c7,b2
17c8,dc
17c9,59
17ca,6d
17cb,51
17cc,25
17cd,02
17ce,42
17cf,53
17d0,19
17d1,ef
17d2,51
17d3,05
17d4,01
17d5,fd
17d6,29
17d7,0a
17d8,6a
17d9,61
17da,40
17db,96
17dc,08
17dd,e7
17de,e4
17df,4a
17e0,b2
17e1,71
17e2,04
17e3,44
17e4,10
17e5,ac
17e6,08
17e7,09
17e8,4d
17e9,35
17ea,f0
17eb,07
17ec,93
17ed,0e
17ee,a2
17ef,18
17f0,a1
17f1,34
17f2,90
17f3,51
17f4,1d
17f5,6d
17f6,02
17f7,e6
17f8,70
17f9,3c
17fa,b2
17fb,9c
17fc,00
17fd,31
17fe,00
17ff,64
1800,d7
1801,39
1802,7f
1803,6b
1804,ff
1805,7d
1806,79
1807,f4
1808,7f
1809,f5
180a,e9
180b,bd
180c,de
180d,e2
180e,7a
180f,f1
1810,63
1811,e0
1812,b7
1813,4d
1814,b6
1815,8f
1816,fe
1817,e7
1818,cf
1819,4f
181a,bc
181b,d5
181c,16
181d,9e
181e,ec
181f,0a
1820,fa
1821,24
1822,be
1823,3f
1824,ff
1825,3c
1826,d1
1827,86
1828,b6
1829,32
182a,f3
182b,e5
182c,fb
182d,6d
182e,c9
182f,69
1830,77
1831,38
1832,bd
1833,75
1834,ab
1835,f1
1836,58
1837,99
1838,7f
1839,7a
183a,be
183b,ea
183c,6e
183d,50
183e,8f
183f,37
1840,6e
1841,55
1842,b7
1843,8b
1844,5c
1845,dc
1846,71
1847,e9
1848,ff
1849,36
184a,fa
184b,69
184c,7f
184d,48
184e,4e
184f,70
1850,fb
1851,b9
1852,b2
1853,44
1854,cd
1855,47
1856,b9
1857,fc
1858,ef
1859,d4
185a,5e
185b,ec
185c,65
185d,bd
185e,f7
185f,ea
1860,29
1861,fe
1862,b3
1863,f7
1864,e6
1865,eb
1866,4c
1867,73
1868,ef
1869,e6
186a,a7
186b,3b
186c,ef
186d,15
186e,3f
186f,2d
1870,f6
1871,ff
1872,66
1873,6f
1874,db
1875,7b
1876,ef
1877,bd
1878,ee
1879,f2
187a,ba
187b,1f
187c,ae
187d,e5
187e,be
187f,d0
1880,3f
1881,19
1882,75
1883,4b
1884,e0
1885,1b
1886,9f
1887,c3
1888,4f
1889,d9
188a,8b
188b,fc
188c,dd
188d,80
188e,18
188f,3f
1890,8a
1891,38
1892,bf
1893,d6
1894,67
1895,ce
1896,d3
1897,94
1898,db
1899,7f
189a,b7
189b,3f
189c,7d
189d,54
189e,ed
189f,0a
18a0,1f
18a1,44
18a2,fb
18a3,59
18a4,f0
18a5,69
18a6,f5
18a7,db
18a8,9b
18a9,cb
18aa,5c
18ab,45
18ac,88
18ad,cd
18ae,e5
18af,e5
18b0,bf
18b1,ef
18b2,07
18b3,00
18b4,e6
18b5,d4
18b6,f6
18b7,db
18b8,df
18b9,d1
18ba,bf
18bb,4b
18bc,67
18bd,3e
18be,7f
18bf,62
18c0,dd
18c1,a6
18c2,78
18c3,08
18c4,f2
18c5,e9
18c6,f2
18c7,22
18c8,f7
18c9,f7
18ca,7b
18cb,4a
18cc,ff
18cd,bd
18ce,ff
18cf,5e
18d0,dc
18d1,15
18d2,7c
18d3,f4
18d4,f5
18d5,0c
18d6,c9
18d7,70
18d8,5f
18d9,94
18da,7b
18db,3d
18dc,cd
18dd,7f
18de,63
18df,1b
18e0,f5
18e1,3c
18e2,f3
18e3,0d
18e4,c3
18e5,ae
18e6,f7
18e7,31
18e8,f9
18e9,b3
18ea,bc
18eb,6f
18ec,0f
18ed,82
18ee,ff
18ef,36
18f0,d1
18f1,87
18f2,fe
18f3,d6
18f4,ff
18f5,cb
18f6,fb
18f7,cd
18f8,af
18f9,dd
18fa,cb
18fb,cf
18fc,3f
18fd,54
18fe,d2
18ff,4f
1900,ff
1901,3b
1902,b6
1903,c3
1904,7f
1905,8c
1906,ab
1907,ed
1908,bf
1909,17
190a,a6
190b,dc
190c,f9
190d,b3
190e,db
190f,75
1910,76
1911,7b
1912,be
1913,fe
1914,df
1915,fe
1916,d6
1917,d6
1918,f7
1919,93
191a,59
191b,a4
191c,7f
191d,67
191e,b7
191f,ef
1920,b4
1921,a9
1922,ff
1923,5b
1924,87
1925,b2
1926,c8
1927,bc
1928,b5
1929,03
192a,fe
192b,f0
192c,fb
192d,a8
192e,be
192f,2e
1930,fe
1931,3f
1932,63
1933,d2
1934,ec
1935,ef
1936,f8
1937,f7
1938,de
1939,fe
193a,9b
193b,b7
193c,ff
193d,89
193e,f3
193f,df
1940,a5
1941,89
1942,ad
1943,d2
1944,fd
1945,f6
1946,ef
1947,19
1948,7f
1949,7c
194a,f5
194b,dd
194c,79
194d,7e
194e,1b
194f,cf
1950,bf
1951,bb
1952,bb
1953,39
1954,77
1955,7b
1956,da
1957,cc
1958,fd
1959,e2
195a,ff
195b,8d
195c,3f
195d,5f
195e,9d
195f,66
1960,b0
1961,ca
1962,1e
1963,fb
1964,e7
1965,2e
1966,df
1967,be
1968,97
1969,1c
196a,6d
196b,cd
196c,77
196d,7f
196e,af
196f,a9
1970,af
1971,19
1972,ae
1973,40
1974,f7
1975,b6
1976,ee
1977,3d
1978,ec
1979,6e
197a,ef
197b,1d
197c,ff
197d,ff
197e,dd
197f,41
1980,3a
1981,62
1982,ed
1983,d8
1984,ef
1985,e2
1986,fd
1987,98
1988,5c
1989,79
198a,db
198b,35
198c,bf
198d,d8
198e,e1
198f,5a
1990,d6
1991,de
1992,34
1993,3a
1994,f7
1995,99
1996,9f
1997,f9
1998,9f
1999,29
199a,ee
199b,56
199c,3b
199d,7b
199e,8d
199f,0f
19a0,49
19a1,62
19a2,bd
19a3,e5
19a4,fb
19a5,e9
19a6,fa
19a7,d2
19a8,fe
19a9,8e
19aa,bf
19ab,cf
19ac,f9
19ad,8f
19ae,fb
19af,5f
19b0,fe
19b1,f0
19b2,bb
19b3,f8
19b4,7f
19b5,b7
19b6,97
19b7,7f
19b8,bf
19b9,70
19ba,df
19bb,53
19bc,bd
19bd,cb
19be,e5
19bf,70
19c0,1f
19c1,5b
19c2,ed
19c3,68
19c4,e9
19c5,4f
19c6,5d
19c7,a9
19c8,7b
19c9,b0
19ca,df
19cb,9b
19cc,37
19cd,2e
19ce,96
19cf,7e
19d0,ff
19d1,d7
19d2,ad
19d3,54
19d4,f1
19d5,91
19d6,7e
19d7,cf
19d8,8b
19d9,f5
19da,fe
19db,4f
19dc,cf
19dd,a2
19de,df
19df,b3
19e0,ee
19e1,e5
19e2,f6
19e3,7f
19e4,ef
19e5,46
19e6,fe
19e7,f3
19e8,bb
19e9,1e
19ea,ef
19eb,cd
19ec,f6
19ed,f5
19ee,fe
19ef,fc
19f0,5d
19f1,cc
19f2,df
19f3,52
19f4,fb
19f5,af
19f6,ff
19f7,1d
19f8,fb
19f9,cd
19fa,fe
19fb,63
19fc,7f
19fd,e5
19fe,fb
19ff,fe
1a00,9f
1a01,5f
1a02,ef
1a03,f6
1a04,76
1a05,e0
1a06,ee
1a07,fc
1a08,fb
1a09,2c
1a0a,de
1a0b,99
1a0c,df
1a0d,d6
1a0e,ca
1a0f,f5
1a10,f3
1a11,ef
1a12,fe
1a13,09
1a14,fe
1a15,a6
1a16,ff
1a17,26
1a18,9a
1a19,4b
1a1a,d0
1a1b,d7
1a1c,ef
1a1d,39
1a1e,ff
1a1f,36
1a20,df
1a21,84
1a22,4f
1a23,f0
1a24,f7
1a25,f8
1a26,f6
1a27,63
1a28,e6
1a29,7e
1a2a,ba
1a2b,6e
1a2c,ff
1a2d,67
1a2e,ff
1a2f,fb
1a30,76
1a31,47
1a32,3e
1a33,f6
1a34,a6
1a35,d6
1a36,9e
1a37,04
1a38,db
1a39,c5
1a3a,fe
1a3b,01
1a3c,6b
1a3d,b7
1a3e,3f
1a3f,32
1a40,34
1a41,1a
1a42,8f
1a43,ef
1a44,fd
1a45,b5
1a46,39
1a47,7e
1a48,bf
1a49,b9
1a4a,97
1a4b,7f
1a4c,7a
1a4d,75
1a4e,fe
1a4f,72
1a50,cb
1a51,95
1a52,09
1a53,7e
1a54,db
1a55,db
1a56,8e
1a57,0e
1a58,bf
1a59,64
1a5a,5d
1a5b,57
1a5c,e9
1a5d,8e
1a5e,d7
1a5f,c4
1a60,df
1a61,12
1a62,cf
1a63,f9
1a64,a5
1a65,e7
1a66,fd
1a67,ff
1a68,ff
1a69,31
1a6a,75
1a6b,78
1a6c,2b
1a6d,c6
1a6e,af
1a6f,7e
1a70,fd
1a71,f6
1a72,15
1a73,b1
1a74,ff
1a75,0b
1a76,2b
1a77,b6
1a78,b7
1a79,89
1a7a,5f
1a7b,83
1a7c,73
1a7d,09
1a7e,bd
1a7f,3d
1a80,d5
1a81,38
1a82,dd
1a83,ff
1a84,ff
1a85,2d
1a86,fe
1a87,2f
1a88,ee
1a89,e9
1a8a,f3
1a8b,cb
1a8c,4b
1a8d,0e
1a8e,bd
1a8f,34
1a90,ad
1a91,be
1a92,38
1a93,bb
1a94,5e
1a95,e6
1a96,ff
1a97,ee
1a98,ab
1a99,92
1a9a,91
1a9b,60
1a9c,e5
1a9d,df
1a9e,99
1a9f,d9
1aa0,ff
1aa1,3a
1aa2,fb
1aa3,e9
1aa4,7d
1aa5,f6
1aa6,7e
1aa7,e5
1aa8,ef
1aa9,ef
1aaa,eb
1aab,4f
1aac,d5
1aad,6a
1aae,f5
1aaf,28
1ab0,ff
1ab1,de
1ab2,fe
1ab3,aa
1ab4,e3
1ab5,b3
1ab6,e5
1ab7,fd
1ab8,e7
1ab9,52
1aba,9d
1abb,c7
1abc,7e
1abd,ad
1abe,9b
1abf,23
1ac0,7f
1ac1,b6
1ac2,f9
1ac3,ec
1ac4,4f
1ac5,90
1ac6,ff
1ac7,5d
1ac8,7e
1ac9,da
1aca,ff
1acb,cc
1acc,ff
1acd,25
1ace,37
1acf,b0
1ad0,7d
1ad1,a9
1ad2,db
1ad3,83
1ad4,6a
1ad5,39
1ad6,fb
1ad7,e7
1ad8,eb
1ad9,37
1ada,35
1adb,97
1adc,77
1add,b4
1ade,ef
1adf,7e
1ae0,76
1ae1,ad
1ae2,fe
1ae3,f6
1ae4,fe
1ae5,b5
1ae6,bf
1ae7,da
1ae8,df
1ae9,6c
1aea,eb
1aeb,a8
1aec,f7
1aed,e7
1aee,fe
1aef,2f
1af0,36
1af1,d2
1af2,d9
1af3,ec
1af4,f9
1af5,0c
1af6,eb
1af7,6a
1af8,5f
1af9,e2
1afa,3c
1afb,bc
1afc,fe
1afd,f6
1afe,ef
1aff,98
1b00,f6
1b01,dc
1b02,ef
1b03,bb
1b04,fb
1b05,fa
1b06,ef
1b07,51
1b08,3f
1b09,75
1b0a,fd
1b0b,32
1b0c,cf
1b0d,1e
1b0e,5d
1b0f,4a
1b10,d4
1b11,03
1b12,fe
1b13,fa
1b14,76
1b15,0f
1b16,f0
1b17,5d
1b18,db
1b19,21
1b1a,9f
1b1b,52
1b1c,f7
1b1d,11
1b1e,db
1b1f,fc
1b20,77
1b21,bb
1b22,c6
1b23,71
1b24,bb
1b25,4e
1b26,ef
1b27,53
1b28,f7
1b29,fe
1b2a,af
1b2b,eb
1b2c,fe
1b2d,fc
1b2e,fb
1b2f,db
1b30,f9
1b31,4f
1b32,d3
1b33,84
1b34,db
1b35,07
1b36,7e
1b37,fb
1b38,5f
1b39,a7
1b3a,ca
1b3b,e7
1b3c,9f
1b3d,a0
1b3e,eb
1b3f,d5
1b40,5e
1b41,9b
1b42,7b
1b43,d4
1b44,5b
1b45,f5
1b46,9d
1b47,fd
1b48,bb
1b49,ef
1b4a,bf
1b4b,05
1b4c,33
1b4d,79
1b4e,e5
1b4f,a6
1b50,7a
1b51,f7
1b52,7e
1b53,5b
1b54,ef
1b55,fb
1b56,3d
1b57,ff
1b58,de
1b59,48
1b5a,d7
1b5b,cd
1b5c,57
1b5d,b3
1b5e,af
1b5f,a6
1b60,ff
1b61,de
1b62,3d
1b63,e0
1b64,8e
1b65,c3
1b66,9e
1b67,e8
1b68,77
1b69,92
1b6a,79
1b6b,7c
1b6c,fb
1b6d,93
1b6e,fe
1b6f,a7
1b70,3f
1b71,ff
1b72,fa
1b73,6d
1b74,dc
1b75,97
1b76,fd
1b77,55
1b78,ff
1b79,f7
1b7a,ff
1b7b,62
1b7c,bf
1b7d,46
1b7e,fc
1b7f,ef
1b80,94
1b81,32
1b82,7c
1b83,7d
1b84,fa
1b85,ee
1b86,fe
1b87,ab
1b88,5c
1b89,ae
1b8a,ff
1b8b,f9
1b8c,cd
1b8d,51
1b8e,7b
1b8f,dd
1b90,db
1b91,68
1b92,e7
1b93,9f
1b94,f8
1b95,60
1b96,0b
1b97,dc
1b98,cd
1b99,81
1b9a,5e
1b9b,db
1b9c,fe
1b9d,74
1b9e,fe
1b9f,cc
1ba0,cf
1ba1,0a
1ba2,a9
1ba3,36
1ba4,af
1ba5,ea
1ba6,7f
1ba7,de
1ba8,b7
1ba9,28
1baa,e7
1bab,c9
1bac,17
1bad,43
1bae,0b
1baf,c7
1bb0,e7
1bb1,c0
1bb2,2f
1bb3,37
1bb4,6c
1bb5,fb
1bb6,38
1bb7,fe
1bb8,a7
1bb9,b5
1bba,ef
1bbb,d8
1bbc,7f
1bbd,1f
1bbe,bc
1bbf,be
1bc0,f7
1bc1,a1
1bc2,fe
1bc3,81
1bc4,9b
1bc5,a7
1bc6,fd
1bc7,6b
1bc8,fb
1bc9,6e
1bca,d3
1bcb,67
1bcc,fe
1bcd,ec
1bce,67
1bcf,21
1bd0,4f
1bd1,f5
1bd2,fe
1bd3,ad
1bd4,f5
1bd5,11
1bd6,7f
1bd7,35
1bd8,fd
1bd9,bf
1bda,ff
1bdb,7f
1bdc,b3
1bdd,3b
1bde,ae
1bdf,9f
1be0,d6
1be1,df
1be2,5d
1be3,7e
1be4,94
1be5,bb
1be6,6f
1be7,f2
1be8,ee
1be9,b6
1bea,d5
1beb,93
1bec,d2
1bed,f9
1bee,4f
1bef,3e
1bf0,df
1bf1,f2
1bf2,bd
1bf3,1d
1bf4,fd
1bf5,14
1bf6,ef
1bf7,b9
1bf8,df
1bf9,bb
1bfa,67
1bfb,90
1bfc,ce
1bfd,5b
1bfe,ee
1bff,3a
1c00,ff
1c01,64
1c02,73
1c03,61
1c04,ef
1c05,6f
1c06,f6
1c07,af
1c08,6d
1c09,cd
1c0a,c6
1c0b,1f
1c0c,71
1c0d,a1
1c0e,bf
1c0f,ef
1c10,9f
1c11,58
1c12,bf
1c13,f8
1c14,ff
1c15,c8
1c16,db
1c17,c6
1c18,cd
1c19,d7
1c1a,f8
1c1b,fc
1c1c,bf
1c1d,f7
1c1e,ea
1c1f,e2
1c20,d2
1c21,ed
1c22,29
1c23,6b
1c24,e7
1c25,68
1c26,ff
1c27,cc
1c28,66
1c29,eb
1c2a,cf
1c2b,fe
1c2c,ef
1c2d,e2
1c2e,bf
1c2f,af
1c30,bd
1c31,a2
1c32,fe
1c33,37
1c34,af
1c35,cd
1c36,dd
1c37,77
1c38,ed
1c39,ed
1c3a,c7
1c3b,ec
1c3c,ef
1c3d,e2
1c3e,56
1c3f,6e
1c40,55
1c41,61
1c42,7b
1c43,6e
1c44,dd
1c45,cb
1c46,fb
1c47,e6
1c48,5f
1c49,f9
1c4a,5e
1c4b,b8
1c4c,fa
1c4d,75
1c4e,2f
1c4f,de
1c50,2f
1c51,51
1c52,a9
1c53,78
1c54,dd
1c55,e2
1c56,b5
1c57,7e
1c58,ff
1c59,52
1c5a,ff
1c5b,3d
1c5c,cc
1c5d,71
1c5e,2b
1c5f,54
1c60,c7
1c61,84
1c62,ff
1c63,fb
1c64,79
1c65,f4
1c66,e7
1c67,20
1c68,ff
1c69,2c
1c6a,b7
1c6b,95
1c6c,df
1c6d,67
1c6e,3d
1c6f,af
1c70,e9
1c71,78
1c72,bd
1c73,bb
1c74,fb
1c75,d7
1c76,96
1c77,a7
1c78,5e
1c79,5c
1c7a,5b
1c7b,d8
1c7c,ed
1c7d,7c
1c7e,6b
1c7f,f3
1c80,a0
1c81,08
1c82,f1
1c83,a1
1c84,ee
1c85,2f
1c86,e7
1c87,9d
1c88,fd
1c89,c2
1c8a,d7
1c8b,9b
1c8c,64
1c8d,ce
1c8e,77
1c8f,16
1c90,ed
1c91,05
1c92,73
1c93,e8
1c94,3e
1c95,f3
1c96,55
1c97,07
1c98,ed
1c99,c3
1c9a,6f
1c9b,06
1c9c,e7
1c9d,e5
1c9e,47
1c9f,4c
1ca0,e4
1ca1,07
1ca2,fd
1ca3,b8
1ca4,79
1ca5,e0
1ca6,5a
1ca7,fe
1ca8,fe
1ca9,47
1caa,f3
1cab,fb
1cac,ef
1cad,4f
1cae,9d
1caf,1e
1cb0,fb
1cb1,fe
1cb2,7f
1cb3,b8
1cb4,ff
1cb5,2c
1cb6,fe
1cb7,7b
1cb8,ee
1cb9,61
1cba,ab
1cbb,8f
1cbc,fe
1cbd,ee
1cbe,31
1cbf,30
1cc0,e6
1cc1,3d
1cc2,7f
1cc3,b5
1cc4,bf
1cc5,64
1cc6,af
1cc7,fe
1cc8,6b
1cc9,2e
1cca,ba
1ccb,de
1ccc,c9
1ccd,57
1cce,ff
1ccf,7e
1cd0,df
1cd1,5e
1cd2,db
1cd3,f8
1cd4,de
1cd5,5e
1cd6,ba
1cd7,df
1cd8,f7
1cd9,3f
1cda,f2
1cdb,df
1cdc,f9
1cdd,4e
1cde,ad
1cdf,dd
1ce0,79
1ce1,8b
1ce2,d3
1ce3,b4
1ce4,7f
1ce5,9d
1ce6,ff
1ce7,d8
1ce8,d1
1ce9,62
1cea,fc
1ceb,7a
1cec,7f
1ced,b0
1cee,6f
1cef,f1
1cf0,f3
1cf1,cf
1cf2,f8
1cf3,28
1cf4,e2
1cf5,db
1cf6,bd
1cf7,18
1cf8,8f
1cf9,f4
1cfa,79
1cfb,4b
1cfc,3b
1cfd,d1
1cfe,99
1cff,ad
1d00,dd
1d01,cd
1d02,91
1d03,ef
1d04,7a
1d05,4d
1d06,7e
1d07,9e
1d08,af
1d09,dc
1d0a,37
1d0b,e1
1d0c,1b
1d0d,71
1d0e,33
1d0f,9b
1d10,ff
1d11,e1
1d12,ef
1d13,6a
1d14,ce
1d15,2e
1d16,3d
1d17,35
1d18,eb
1d19,cb
1d1a,bc
1d1b,4f
1d1c,1a
1d1d,72
1d1e,3b
1d1f,9c
1d20,e5
1d21,c5
1d22,9c
1d23,f9
1d24,fc
1d25,f9
1d26,7b
1d27,16
1d28,97
1d29,71
1d2a,f7
1d2b,a1
1d2c,e3
1d2d,7f
1d2e,3f
1d2f,f5
1d30,77
1d31,99
1d32,3f
1d33,5e
1d34,eb
1d35,e7
1d36,ee
1d37,31
1d38,f6
1d39,71
1d3a,ce
1d3b,f3
1d3c,fe
1d3d,3c
1d3e,f7
1d3f,be
1d40,91
1d41,86
1d42,89
1d43,e7
1d44,51
1d45,0c
1d46,08
1d47,7b
1d48,ef
1d49,b7
1d4a,af
1d4b,6d
1d4c,be
1d4d,01
1d4e,97
1d4f,b4
1d50,bf
1d51,ab
1d52,5f
1d53,37
1d54,fd
1d55,ed
1d56,f0
1d57,ab
1d58,de
1d59,60
1d5a,7c
1d5b,df
1d5c,b5
1d5d,c1
1d5e,79
1d5f,5b
1d60,fd
1d61,6d
1d62,57
1d63,ad
1d64,1d
1d65,e8
1d66,7c
1d67,33
1d68,f4
1d69,95
1d6a,fc
1d6b,a4
1d6c,be
1d6d,35
1d6e,f9
1d6f,9c
1d70,f4
1d71,7f
1d72,3f
1d73,cb
1d74,b6
1d75,cd
1d76,2c
1d77,ee
1d78,bb
1d79,71
1d7a,71
1d7b,4b
1d7c,de
1d7d,ed
1d7e,9b
1d7f,54
1d80,ff
1d81,bf
1d82,b7
1d83,62
1d84,f6
1d85,be
1d86,8d
1d87,38
1d88,fd
1d89,77
1d8a,f2
1d8b,4c
1d8c,65
1d8d,8c
1d8e,9b
1d8f,dd
1d90,fd
1d91,58
1d92,d7
1d93,e7
1d94,7a
1d95,76
1d96,7c
1d97,7f
1d98,ac
1d99,1d
1d9a,df
1d9b,db
1d9c,9e
1d9d,e5
1d9e,a9
1d9f,fb
1da0,df
1da1,77
1da2,7d
1da3,c4
1da4,b2
1da5,27
1da6,e9
1da7,bb
1da8,f6
1da9,42
1daa,ff
1dab,c9
1dac,7f
1dad,6f
1dae,fc
1daf,f6
1db0,f7
1db1,de
1db2,1c
1db3,4b
1db4,eb
1db5,ed
1db6,f6
1db7,1b
1db8,66
1db9,0c
1dba,cd
1dbb,ff
1dbc,83
1dbd,e0
1dbe,3e
1dbf,57
1dc0,a4
1dc1,47
1dc2,7f
1dc3,ed
1dc4,ee
1dc5,f7
1dc6,cf
1dc7,e4
1dc8,78
1dc9,f8
1dca,53
1dcb,b1
1dcc,be
1dcd,57
1dce,d6
1dcf,bb
1dd0,af
1dd1,fd
1dd2,f5
1dd3,49
1dd4,d6
1dd5,e7
1dd6,ff
1dd7,bb
1dd8,ab
1dd9,8d
1dda,d0
1ddb,17
1ddc,bf
1ddd,96
1dde,be
1ddf,22
1de0,c7
1de1,d5
1de2,eb
1de3,c5
1de4,ef
1de5,e3
1de6,76
1de7,ab
1de8,7d
1de9,72
1dea,75
1deb,03
1dec,bd
1ded,ce
1dee,b6
1def,6f
1df0,6f
1df1,98
1df2,fc
1df3,0f
1df4,ff
1df5,10
1df6,a5
1df7,af
1df8,ad
1df9,f3
1dfa,88
1dfb,35
1dfc,ef
1dfd,f6
1dfe,ce
1dff,9b
1e00,8d
1e01,3a
1e02,ff
1e03,4f
1e04,eb
1e05,42
1e06,7b
1e07,d8
1e08,ee
1e09,ed
1e0a,c3
1e0b,9c
1e0c,39
1e0d,95
1e0e,56
1e0f,c6
1e10,af
1e11,f2
1e12,e7
1e13,d4
1e14,f2
1e15,3e
1e16,fe
1e17,d3
1e18,ee
1e19,f8
1e1a,db
1e1b,cf
1e1c,83
1e1d,bc
1e1e,e1
1e1f,9f
1e20,e6
1e21,4e
1e22,ed
1e23,a5
1e24,9f
1e25,e1
1e26,df
1e27,ba
1e28,df
1e29,d3
1e2a,b7
1e2b,ff
1e2c,ff
1e2d,fd
1e2e,f7
1e2f,47
1e30,fe
1e31,06
1e32,be
1e33,7e
1e34,ff
1e35,92
1e36,f7
1e37,f1
1e38,bd
1e39,7f
1e3a,73
1e3b,c6
1e3c,eb
1e3d,7d
1e3e,67
1e3f,ea
1e40,f5
1e41,35
1e42,e7
1e43,ca
1e44,af
1e45,6a
1e46,67
1e47,cf
1e48,7a
1e49,ac
1e4a,f6
1e4b,7f
1e4c,df
1e4d,4e
1e4e,f5
1e4f,fd
1e50,f4
1e51,02
1e52,bf
1e53,05
1e54,cf
1e55,aa
1e56,0f
1e57,46
1e58,c7
1e59,97
1e5a,3d
1e5b,98
1e5c,ef
1e5d,9e
1e5e,6d
1e5f,f6
1e60,8b
1e61,d9
1e62,ff
1e63,73
1e64,fb
1e65,1f
1e66,ed
1e67,c7
1e68,7d
1e69,62
1e6a,7b
1e6b,dc
1e6c,b7
1e6d,ff
1e6e,a6
1e6f,95
1e70,ab
1e71,16
1e72,af
1e73,71
1e74,af
1e75,aa
1e76,fb
1e77,6b
1e78,f5
1e79,f8
1e7a,af
1e7b,fd
1e7c,ef
1e7d,6a
1e7e,b0
1e7f,f4
1e80,dd
1e81,85
1e82,ff
1e83,75
1e84,9b
1e85,cb
1e86,bc
1e87,6d
1e88,e3
1e89,ee
1e8a,87
1e8b,1f
1e8c,ef
1e8d,74
1e8e,f1
1e8f,60
1e90,3e
1e91,68
1e92,7e
1e93,fe
1e94,df
1e95,24
1e96,fe
1e97,c9
1e98,bd
1e99,8e
1e9a,ac
1e9b,b8
1e9c,7f
1e9d,c5
1e9e,ed
1e9f,f1
1ea0,7e
1ea1,cc
1ea2,ff
1ea3,86
1ea4,f7
1ea5,2f
1ea6,b5
1ea7,f3
1ea8,6e
1ea9,8b
1eaa,8e
1eab,31
1eac,bf
1ead,ff
1eae,fb
1eaf,bf
1eb0,df
1eb1,b9
1eb2,fb
1eb3,be
1eb4,bd
1eb5,2e
1eb6,ff
1eb7,dc
1eb8,f7
1eb9,bf
1eba,ca
1ebb,89
1ebc,6d
1ebd,ec
1ebe,ef
1ebf,85
1ec0,e8
1ec1,c2
1ec2,f6
1ec3,6e
1ec4,9f
1ec5,8d
1ec6,9e
1ec7,f5
1ec8,bc
1ec9,34
1eca,d0
1ecb,5a
1ecc,dd
1ecd,8c
1ece,fe
1ecf,cf
1ed0,de
1ed1,ef
1ed2,ef
1ed3,c9
1ed4,6d
1ed5,e5
1ed6,2f
1ed7,ff
1ed8,4a
1ed9,7e
1eda,f7
1edb,9d
1edc,33
1edd,42
1ede,df
1edf,e1
1ee0,cd
1ee1,4c
1ee2,f7
1ee3,f0
1ee4,45
1ee5,e7
1ee6,ef
1ee7,45
1ee8,a2
1ee9,3d
1eea,e7
1eeb,50
1eec,ff
1eed,77
1eee,5f
1eef,71
1ef0,7b
1ef1,cf
1ef2,bc
1ef3,b2
1ef4,7f
1ef5,77
1ef6,5f
1ef7,ef
1ef8,f1
1ef9,47
1efa,de
1efb,88
1efc,7c
1efd,0c
1efe,ff
1eff,9a
1f00,74
1f01,ca
1f02,8f
1f03,32
1f04,f7
1f05,97
1f06,c6
1f07,bd
1f08,df
1f09,77
1f0a,6e
1f0b,b0
1f0c,fc
1f0d,f3
1f0e,7f
1f0f,f8
1f10,9f
1f11,97
1f12,78
1f13,5f
1f14,32
1f15,e9
1f16,2b
1f17,b1
1f18,ec
1f19,5b
1f1a,bd
1f1b,54
1f1c,ff
1f1d,ed
1f1e,dd
1f1f,6e
1f20,fe
1f21,8b
1f22,9e
1f23,7c
1f24,75
1f25,e7
1f26,ff
1f27,29
1f28,1e
1f29,e4
1f2a,de
1f2b,4d
1f2c,da
1f2d,7f
1f2e,ef
1f2f,d9
1f30,ef
1f31,fb
1f32,db
1f33,ad
1f34,6f
1f35,8f
1f36,bc
1f37,73
1f38,ee
1f39,fb
1f3a,ff
1f3b,8f
1f3c,36
1f3d,7d
1f3e,ff
1f3f,1f
1f40,fa
1f41,90
1f42,bf
1f43,f7
1f44,9b
1f45,81
1f46,2f
1f47,65
1f48,5f
1f49,0f
1f4a,e7
1f4b,01
1f4c,f7
1f4d,90
1f4e,bf
1f4f,64
1f50,e8
1f51,4b
1f52,ce
1f53,6b
1f54,c7
1f55,b0
1f56,8e
1f57,ac
1f58,d6
1f59,fc
1f5a,eb
1f5b,a9
1f5c,19
1f5d,ba
1f5e,d9
1f5f,a9
1f60,b2
1f61,19
1f62,fd
1f63,97
1f64,ed
1f65,9b
1f66,7b
1f67,94
1f68,5d
1f69,ba
1f6a,94
1f6b,c4
1f6c,ef
1f6d,85
1f6e,eb
1f6f,6f
1f70,ef
1f71,6f
1f72,75
1f73,ff
1f74,65
1f75,9a
1f76,3d
1f77,f5
1f78,73
1f79,4a
1f7a,e7
1f7b,4f
1f7c,5b
1f7d,fd
1f7e,9f
1f7f,a3
1f80,e9
1f81,44
1f82,bf
1f83,5e
1f84,85
1f85,2e
1f86,e7
1f87,35
1f88,e0
1f89,ad
1f8a,ff
1f8b,c7
1f8c,fb
1f8d,1f
1f8e,f6
1f8f,5f
1f90,d7
1f91,8e
1f92,af
1f93,22
1f94,ed
1f95,73
1f96,12
1f97,8c
1f98,df
1f99,af
1f9a,be
1f9b,ef
1f9c,d5
1f9d,cb
1f9e,db
1f9f,fb
1fa0,65
1fa1,75
1fa2,57
1fa3,cf
1fa4,f5
1fa5,76
1fa6,ef
1fa7,4d
1fa8,55
1fa9,5b
1faa,ff
1fab,b3
1fac,c5
1fad,b4
1fae,a7
1faf,7b
1fb0,9f
1fb1,ef
1fb2,cb
1fb3,8f
1fb4,f5
1fb5,7b
1fb6,ff
1fb7,c6
1fb8,de
1fb9,a4
1fba,39
1fbb,b7
1fbc,f7
1fbd,9e
1fbe,5f
1fbf,6e
1fc0,2d
1fc1,87
1fc2,55
1fc3,f7
1fc4,9e
1fc5,b6
1fc6,5c
1fc7,d8
1fc8,2a
1fc9,df
1fca,a7
1fcb,05
1fcc,be
1fcd,7a
1fce,87
1fcf,7b
1fd0,2f
1fd1,d6
1fd2,c3
1fd3,af
1fd4,5b
1fd5,f5
1fd6,cb
1fd7,1b
1fd8,e9
1fd9,40
1fda,ff
1fdb,d0
1fdc,f5
1fdd,ef
1fde,ff
1fdf,cc
1fe0,d9
1fe1,07
1fe2,df
1fe3,e5
1fe4,59
1fe5,3d
1fe6,96
1fe7,a4
1fe8,ad
1fe9,d0
1fea,fd
1feb,19
1fec,db
1fed,96
1fee,d7
1fef,46
1ff0,ed
1ff1,d4
1ff2,fb
1ff3,fd
1ff4,bf
1ff5,b9
1ff6,d3
1ff7,68
1ff8,de
1ff9,66
1ffa,f5
1ffb,b5
1ffc,5f
1ffd,c3
1ffe,fd
